<?xml version="1.0" encoding="utf-8"?>
<window>
    <onload condition="System.HasAddon(script.artistslideshow) + Skin.HasSetting(music_background_fanart)">RunScript(script.artistslideshow)</onload>
    <backgroundcolor>black</backgroundcolor>
    <controls>
        <include>background</include>
        <control type="image">
            <visible>Skin.HasSetting(music_background_fanart)</visible>
            <visible>!Pvr.IsPlayingRadio</visible>
            <top>0</top>
            <left>0</left>
            <width>1920</width>
            <height>1080</height>
            <texture>$INFO[Player.Art(artist.fanart)]</texture>
        </control>
        <control type="multiimage">
            <top>0</top>
            <left>0</left>
            <width>1920</width>
            <height>1080</height>
            <aspectratio>scale</aspectratio>
            <timeperimage>10000</timeperimage>
            <randomize>true</randomize>
            <fadetime>600</fadetime>
            <loop>yes</loop>
            <imagepath background="true">$INFO[Window(Visualisation).Property(ArtistSlideshow)]</imagepath>
            <visible>System.HasAddon(script.artistslideshow)</visible>
        </control>
        <control type="image">
            <visible>Skin.HasSetting(music_background_fanart)</visible>
            <visible>Pvr.IsPlayingRadio</visible>
            <top>0</top>
            <left>0</left>
            <width>1920</width>
            <height>1080</height>
            <texture>backgrounds/radio3.jpg</texture>
        </control>
        <control type="visualisation" id="2">
            <visible>Skin.HasSetting(music_enable_visualisation)</visible>
            <top>0</top>
            <left>0</left>
            <width>1920</width>
            <height>1080</height>
            <visible>Player.HasAudio</visible>
        </control>
        <control type="group">
            <visible>Skin.HasSetting(music_enable_scrollingtext)</visible>
            <top>300</top>
            <animation effect="fade" start="0" end="100" time="350" tween="cubic" easing="inout">Visible</animation>
            <animation effect="fade" start="0" end="100" time="350" tween="cubic" easing="inout">WindowOpen</animation>
            <animation effect="fade" end="0" start="600" time="150">Hidden</animation>
            <animation effect="fade" end="0" start="100" time="300">WindowClose</animation>
            <control type="label">
                <description>Now Playing</description>
                <left>0</left>
                <top>0</top>
                <right>0</right>
                <label>$INFO[MusicPlayer.Title,  ,]$INFO[MusicPlayer.Title,  ,]$INFO[MusicPlayer.Title,  ,]$INFO[MusicPlayer.Title,  ,]$INFO[MusicPlayer.Title,  ,]$INFO[MusicPlayer.Title,  ,]$INFO[MusicPlayer.Title,  ,]$INFO[MusicPlayer.Title,  ,]$INFO[MusicPlayer.Title,  ,]$INFO[MusicPlayer.Title,  ,]$INFO[MusicPlayer.Title,  ,]$INFO[MusicPlayer.Title,  ,]$INFO[MusicPlayer.Title,  ,]$INFO[MusicPlayer.Title,  ,]$INFO[MusicPlayer.Title,  ,]$INFO[MusicPlayer.Title,  ,]$INFO[MusicPlayer.Title,  ,]$INFO[MusicPlayer.Title,  ,]$INFO[MusicPlayer.Title,  ,]$INFO[MusicPlayer.Title,  ,]$INFO[MusicPlayer.Title,  ,]$INFO[MusicPlayer.Title,  ,]$INFO[MusicPlayer.Title,  ,]$INFO[MusicPlayer.Title,  ,]$INFO[MusicPlayer.Title,  ,]</label>
                <scroll>true</scroll>
                <font>light200</font>
                <textcolor>77ffffff</textcolor>
                <align>left</align>
                <scrollspeed>55</scrollspeed>
            </control>
            <control type="label">
                <description>Now Playing</description>
                <visible>!Pvr.IsPlayingRadio</visible>
                <left>0</left>
                <top>100</top>
                <right>0</right>
                 <label>$INFO[MusicPlayer.Album,  ,]$INFO[MusicPlayer.Album,  ,]$INFO[MusicPlayer.Album,  ,]$INFO[MusicPlayer.Album,  ,]$INFO[MusicPlayer.Album, ,]$INFO[MusicPlayer.Album,  ,]$INFO[MusicPlayer.Album,  ,]$INFO[MusicPlayer.Album,  ,]$INFO[MusicPlayer.Album,  ,]$INFO[MusicPlayer.Album,  ,]$INFO[MusicPlayer.Album,  ,]$INFO[MusicPlayer.Album,  ,]$INFO[MusicPlayer.Album,  ,]$INFO[MusicPlayer.Album,  ,]$INFO[MusicPlayer.Album,  ,]$INFO[MusicPlayer.Album,  ,]$INFO[MusicPlayer.Album,  ,]$INFO[MusicPlayer.Album,  ,]$INFO[MusicPlayer.Album,  ,]$INFO[MusicPlayer.Album,  ,]$INFO[MusicPlayer.Album,  ,]$INFO[MusicPlayer.Album,  ,]$INFO[MusicPlayer.Album,  ,]$INFO[MusicPlayer.Album,  ,]$INFO[MusicPlayer.Album,  ,]</label>
                <scroll>true</scroll>
                <font>light130</font>
                <textcolor>44cccccc</textcolor>
                <align>left</align>
                <scrollspeed>100</scrollspeed>
            </control>
            <control type="label">
                <description>Now Playing</description>
                <left>0</left>
                <top>210</top>
                <right>0</right>
                <label>$INFO[MusicPlayer.Artist,  ,]$INFO[MusicPlayer.Artist,  ,]$INFO[MusicPlayer.Artist,  ,]$INFO[MusicPlayer.Artist,  ,]$INFO[MusicPlayer.Artist,  ,]$INFO[MusicPlayer.Artist,  ,]$INFO[MusicPlayer.Artist,  ,]$INFO[MusicPlayer.Artist,  ,]$INFO[MusicPlayer.Artist,  ,]$INFO[MusicPlayer.Artist,  ,]$INFO[MusicPlayer.Artist,  ,]$INFO[MusicPlayer.Artist,  ,]$INFO[MusicPlayer.Artist,  ,]$INFO[MusicPlayer.Artist,  ,]$INFO[MusicPlayer.Artist,  ,]$INFO[MusicPlayer.Artist,  ,]$INFO[MusicPlayer.Artist,  ,]$INFO[MusicPlayer.Artist,  ,]$INFO[MusicPlayer.Artist,  ,]$INFO[MusicPlayer.Artist,  ,]$INFO[MusicPlayer.Artist,  ,]$INFO[MusicPlayer.Artist,  ,]$INFO[MusicPlayer.Artist,  ,]$INFO[MusicPlayer.Artist,  ,]$INFO[MusicPlayer.Artist,  ,]</label>
                <scroll>true</scroll>
                <font>light70</font>
                <textcolor>99cccccc</textcolor>
                <align>left</align>
                <scrollspeed>80</scrollspeed>
            </control>
        </control>

    </controls>
</window>