[
    {
        "header": "Live TV",
        "category": 0,
        "type": 0,
        "style": 0,
        "limit": 30,
        "sortby": 0,
        "visible": true
    },
    {
        "header": "TV Aufnahmen",
        "category": 0,
        "type": 1,
        "style": 0,
        "limit": 20,
        "sortby": 0,
        "visible": true
    },
    {
        "header": "Begonnene Filme",
        "category": 1,
        "type": 0,
        "style": 0,
        "limit": 20,
        "sortby": 0,
        "visible": true
    },
    {
        "header": "Neue Filme",
        "category": 1,
        "type": 1,
        "style": 0,
        "limit": 20,
        "sortby": 0,
        "visible": true
    },
    {
        "header": "Anstehende Episoden",
        "category": 2,
        "type": 1,
        "style": 0,
        "limit": 20,
        "sortby": 0,
        "visible": true
    },
    {
        "header": "Neue Episoden",
        "category": 2,
        "type": 0,
        "style": 0,
        "limit": 20,
        "sortby": 0,
        "visible": true
    }
]