<?xml version="1.0" encoding="UTF-8"?>
<fonts>
	<fontset id="Default" idloc="15109">
		<font>
			<name>regular12</name>
			<filename>NotoSans-Regular.ttf</filename>
			<size>12</size>
		</font>
		<font>
			<name>regular16</name>
			<filename>NotoSans-Regular.ttf</filename>
			<size>16</size>
		</font>
		<font>
			<name>regular18</name>
			<filename>NotoSans-Regular.ttf</filename>
			<size>18</size>
		</font>
		<font>
			<name>regular20</name>
			<filename>NotoSans-Regular.ttf</filename>
			<size>20</size>
		</font>
		<font>
			<name>regular24</name>
			<filename>NotoSans-Regular.ttf</filename>
			<size>24</size>
		</font>
		<font>
			<name>regular30</name>
			<filename>NotoSans-Regular.ttf</filename>
			<size>30</size>
		</font>
		<font>
			<name>regular36</name>
			<filename>NotoSans-Regular.ttf</filename>
			<size>36</size>
		</font>
		<font>
			<name>regular50</name>
			<filename>NotoSans-Regular.ttf</filename>
			<size>50</size>
		</font>
		<font>
			<name>regular60</name>
			<filename>NotoSans-Regular.ttf</filename>
			<size>60</size>
		</font>
		<font>
			<name>bold16</name>
			<filename>NotoSans-Bold.ttf</filename>
			<size>16</size>
		</font>
		<font>
			<name>bold20</name>
			<filename>NotoSans-Bold.ttf</filename>
			<size>20</size>
		</font>
		<font>
			<name>bold24</name>
			<filename>NotoSans-Bold.ttf</filename>
			<size>24</size>
		</font>
		<font>
			<name>bold30</name>
			<filename>NotoSans-Bold.ttf</filename>
			<size>30</size>
		</font>
		<font>
			<name>bold36</name>
			<filename>NotoSans-Bold.ttf</filename>
			<size>36</size>
		</font>
		<font>
			<name>bold50</name>
			<filename>NotoSans-Bold.ttf</filename>
			<size>50</size>
		</font>
		<font>
			<name>light16</name>
			<filename>NotoSans-Light.ttf</filename>
			<size>16</size>
		</font>
		<font>
			<name>light18</name>
			<filename>NotoSans-Light.ttf</filename>
			<size>18</size>
		</font>
		<font>
			<name>light20</name>
			<filename>NotoSans-Light.ttf</filename>
			<size>20</size>
		</font>
		<font>
			<name>light24</name>
			<filename>NotoSans-Light.ttf</filename>
			<size>24</size>
		</font>
		<font>
			<name>light30</name>
			<filename>NotoSans-Light.ttf</filename>
			<size>30</size>
		</font>
		<font>
			<name>light36</name>
			<filename>NotoSans-Light.ttf</filename>
			<size>36</size>
		</font>
		<font>
			<name>light44</name>
			<filename>NotoSans-Light.ttf</filename>
			<size>44</size>
		</font>
		<font>
			<name>light50</name>
			<filename>NotoSans-Light.ttf</filename>
			<size>50</size>
		</font>
		<font>
			<name>light60</name>
			<filename>NotoSans-Light.ttf</filename>
			<size>60</size>
		</font>
		<font>
			<name>light70</name>
			<filename>NotoSans-Light.ttf</filename>
			<size>70</size>
		</font>
		<font>
			<name>light80</name>
			<filename>NotoSans-Light.ttf</filename>
			<size>80</size>
		</font>
		<font>
			<name>light130</name>
			<filename>NotoSans-Light.ttf</filename>
			<size>130</size>
		</font>
		<font>
			<name>light200</name>
			<filename>NotoSans-Light.ttf</filename>
			<size>200</size>
		</font>
		<!-- Estuary Compatibility Fonts -->
		<font>
			<name>font10</name>
			<filename>NotoSans-Regular.ttf</filename>
			<size>23</size>
			<style>lighten</style>
		</font>
		<font>
			<name>font12</name>
			<filename>NotoSans-Regular.ttf</filename>
			<size>25</size>
			<style>lighten</style>
		</font>
		<font>
			<name>font13</name>
			<filename>NotoSans-Regular.ttf</filename>
			<size>30</size>
			<style>lighten</style>
		</font>
		<font>
			<name>font14</name>
			<filename>NotoSans-Regular.ttf</filename>
			<size>33</size>
			<style>lighten</style>
		</font>
		<font>
			<name>font25_narrow</name>
			<filename>NotoSans-Regular.ttf</filename>
			<size>25</size>
			<style>lighten</style>
			<linespacing>0.8</linespacing>
		</font>
		<font>
			<name>font27</name>
			<filename>NotoSans-Regular.ttf</filename>
			<size>27</size>
			<style>lighten</style>
		</font>
		<font>
			<name>font27_narrow</name>
			<filename>NotoSans-Regular.ttf</filename>
			<size>25</size>
			<style>lighten</style>
			<linespacing>0.8</linespacing>
		</font>
		<font>
			<name>font37</name>
			<filename>NotoSans-Regular.ttf</filename>
			<size>37</size>
			<style>lighten</style>
		</font>
		<font>
			<name>font45</name>
			<filename>NotoSans-Regular.ttf</filename>
			<size>45</size>
			<style>lighten</style>
		</font>
		<font>
			<name>font60</name>
			<filename>NotoSans-Regular.ttf</filename>
			<size>60</size>
			<style>lighten</style>
		</font>
		<font>
			<name>font20_title</name>
			<filename>NotoSans-Bold.ttf</filename>
			<size>20</size>
		</font>
		<font>
			<name>font25_title</name>
			<filename>NotoSans-Bold.ttf</filename>
			<size>25</size>
		</font>
		<font>
			<name>font30_title</name>
			<filename>NotoSans-Bold.ttf</filename>
			<size>30</size>
		</font>
		<font>
			<name>font32_title</name>
			<filename>NotoSans-Bold.ttf</filename>
			<size>32</size>
		</font>
		<font>
			<name>font36_title</name>
			<filename>NotoSans-Bold.ttf</filename>
			<size>36</size>
		</font>
		<font>
			<name>font45_title</name>
			<filename>NotoSans-Bold.ttf</filename>
			<size>45</size>
		</font>
		<font>
			<name>font52_title</name>
			<filename>NotoSans-Bold.ttf</filename>
			<size>52</size>
		</font>
	</fontset>
</fonts>
