<?xml version="1.0" encoding="utf-8"?>
<window>
    <defaultcontrol always="true">500</defaultcontrol>
    <views>500</views>
    <backgroundcolor>0</backgroundcolor>
    <controls>
        <animation effect="fade" end="100" time="360">WindowOpen</animation>
        <animation effect="fade" start="100" end="0" time="250">WindowClose</animation>
        <include>background</include>
        <control type="image">
            <top>0</top>
            <left>0</left>
            <width>1920</width>
            <height>60</height>
            <texture colordiffuse="backgroundtransparent">colors/white.png</texture>
        </control>
        <control type="image">
            <top>60</top>
            <left>0</left>
            <width>1920</width>
            <height>1</height>
            <texture colordiffuse="border">colors/white.png</texture>
        </control>
        <control type="label">
            <right>20</right>
            <top>0</top>
            <height>60</height>
            <aligny>center</aligny>
            <width>1000</width>
            <align>right</align>
            <textcolor>white</textcolor>
            <label>$INFO[Window.Property(TotalItems),[COLOR active]$ADDON[script.extendedinfo 32124]:[/COLOR] ]$INFO[Window.Property(CurrentPage),[COLOR active] - $ADDON[script.extendedinfo 32125]: [/COLOR]]$INFO[Window.Property(TotalPages), / ]</label>
        </control>
        <control type="image">
            <top>5</top>
            <left>20</left>
            <width>127</width>
            <height>50</height>
            <aspectratio>scale</aspectratio>
            <texture>moviedb.png</texture>
        </control>
        <control type="label">
            <left>160</left>
            <top>0</top>
            <height>60</height>
            <aligny>center</aligny>
            <width>1500</width>
            <textcolor>white</textcolor>
            <label>$INFO[Window.Property(Filter_Label)]</label>
        </control>
        <control type="group">
            <top>80</top>
            <left>10</left>
            <width>420</width>
            <height>980</height>
            <control type="image">
                <texture colordiffuse="backgrounddark">colors/white.png</texture>
                <bordertexture colordiffuse="border">colors/white.png</bordertexture>
                <bordersize>1</bordersize>
            </control>
            <control type="image">
                <top>1</top>
                <left>1</left>
                <width>418</width>
                <height>235</height>
                <aspectratio>scale</aspectratio>
                <texture>$INFO[ListItem.Art(fanart_small)]</texture>
            </control>
            <control type="label">
                <top>270</top>
                <left>20</left>
                <width>380</width>
                <height>60</height>
                <font>light36</font>
                <textcolor>active</textcolor>
                <label>$INFO[ListItem.Title]</label>
            </control>
            <control type="textbox">
                <top>330</top>
                <left>20</left>
                <width>380</width>
                <height>300</height>
                <label>[B]$INFO[ListItem.Premiered][CR][CR][CR]$INFO[ListItem.Genre][/B]</label>
            </control>
            <control type="image">
                <left>20</left>
                <top>380</top>
                <width>135</width>
                <height>26</height>
                <animation effect="fade" start="100" end="60" time="0" condition="String.IsEmpty(ListItem.Rating)">Conditional</animation>
                <texture fallback="flags/stars/0.0.png">$INFO[ListItem.Rating,flags/stars/,.png]</texture>
            </control>
            <control type="textbox">
                <top>510</top>
                <left>20</left>
                <width>380</width>
                <height>440</height>
                <align>justify</align>
                <label fallback="416">$INFO[ListItem.Plot,,[CR][CR]  ]</label>
                <autoscroll delay="10000" time="1600" repeat="10000">true</autoscroll>
            </control>
        </control>

        <control type="group">
            <control type="panel" id="500">
                <left>440</left>
                <top>80</top>
                <width>1460</width>
                <height>980</height>
                <viewtype label="Wall">list</viewtype>
                <pagecontrol>72</pagecontrol>
                <scrolltime tween="cubic" easing="out">500</scrolltime>
                <onup>700</onup>
                <ondown>600</ondown>
                <orientation>vertical</orientation>
                <preloaditems>2</preloaditems>
                <itemlayout width="290" height="450">
                    <control type="image">
                        <width>280</width>
                        <height>440</height>
                        <aspectratio>stretch</aspectratio>
                        <texture colordiffuse="backgrounddark">colors/white.png</texture>
                        <bordertexture colordiffuse="border">colors/white.png</bordertexture>
                        <bordersize>1</bordersize>
                    </control>
                    <control type="image">
                        <top>1</top>
                        <left>1</left>
                        <width>278</width>
                        <height>390</height>
                        <aspectratio>keep</aspectratio>
                        <texture background="true" fallback="DefaultVideo.png">$INFO[ListItem.Thumb]</texture>
                    </control>
                    <control type="image">
                        <width>55</width>
                        <height>55</height>
                        <top>20</top>
                        <left>159</left>
                        <texture>flags/local.png</texture>
                        <visible>!String.IsEmpty(ListItem.DBID)</visible>
                    </control>
                    <control type="label">
                        <top>390</top>
                        <left>5</left>
                        <width>270</width>
                        <height>60</height>
                        <align>center</align>
                        <font>light36</font>
                        <label>$INFO[ListItem.Label]</label>
                    </control>
                </itemlayout>
                <focusedlayout width="290" height="450">
                    <control type="image">
                        <width>280</width>
                        <height>440</height>
                        <aspectratio>stretch</aspectratio>
                        <texture colordiffuse="active">backgrounds/overlay_background.png</texture>
                        <bordertexture colordiffuse="active">colors/white.png</bordertexture>
                        <bordersize>1</bordersize>
                    </control>
                    <control type="image">
                        <top>1</top>
                        <left>1</left>
                        <width>278</width>
                        <height>390</height>
                        <aspectratio>keep</aspectratio>
                        <texture background="true" fallback="DefaultVideo.png">$INFO[ListItem.Thumb]</texture>
                    </control>
                    <control type="image">
                        <width>55</width>
                        <height>55</height>
                        <top>20</top>
                        <left>159</left>
                        <texture>flags/local.png</texture>
                        <visible>!String.IsEmpty(ListItem.DBID)</visible>
                    </control>
                    <control type="label">
                        <top>390</top>
                        <left>5</left>
                        <width>270</width>
                        <height>60</height>
                        <align>center</align>
                        <font>light36</font>
                        <label>$INFO[ListItem.Label]</label>
                    </control>
                </focusedlayout>
            </control>
        </control>
        <control type="button" id="600">
            <onfocus>SetFocus(500)</onfocus>
            <width>1</width>
            <height>1</height>
            <left>-1000</left>
        </control>
        <control type="button" id="700">
            <onfocus>SetFocus(500)</onfocus>
            <width>1</width>
            <height>1</height>
            <left>-1000</left>
        </control>
    </controls>
</window>