<?xml version="1.0" encoding="utf-8"?>
<window>
	<onload>ClearProperty(custombusy,home)</onload>
	<onload>ClearProperty(custombusyreason,home)</onload>
	<onload>ClearProperty(custombusylabel,home)</onload>
	<defaultcontrol always="true">500</defaultcontrol>
	<views>500</views>
	<controls>
		<animation effect="fade" end="100" time="360">WindowOpen</animation>
		<animation effect="fade" start="100" end="0" time="250">WindowClose</animation>
		<control type="image">
            <top>0</top>
            <left>0</left>
            <width>1920</width>
            <height>60</height>
            <texture colordiffuse="backgroundtransparentdark">colors/white.png</texture>
        </control>
		<control type="label">
			<right>20</right>
			<top>0</top>
			<height>60</height>
			<aligny>center</aligny>
			<width>1000</width>
			<align>right</align>
			<textcolor>white</textcolor>
			<label>$INFO[Window.Property(TotalItems),[COLOR active]$ADDON[script.extendedinfo 32124]:[/COLOR] ]$INFO[Window.Property(CurrentPage),[COLOR active] - $ADDON[script.extendedinfo 32125]: [/COLOR]]</label>
		</control>
		<control type="image">
            <top>5</top>
            <left>20</left>
            <width>50</width>
            <height>50</height>
            <aspectratio>scale</aspectratio>
            <texture>youtube-logo.png</texture>
        </control>
		<control type="label">
			<left>90</left>
			<top>0</top>
			<height>60</height>
			<aligny>center</aligny>
			<width>1500</width>
			<textcolor>white</textcolor>
			<label>$INFO[Window.Property(Filter_Label)]</label>
		</control>
		<control type="image">
			<top>80</top>
			<left>30</left>
			<width>1860</width>
			<height>970</height>
			<texture colordiffuse="backgroundtransparentdark">colors/white.png</texture>
		</control>
		<control type="group">
			<control type="panel" id="500">
				<left>50</left>
				<top>100</top>
				<width>1820</width>
				<height>930</height>
				<pagecontrol>72</pagecontrol>
				<preloaditems>2</preloaditems>
				<scrolltime tween="cubic" easing="out">500</scrolltime>
				<onup>700</onup>
				<ondown>600</ondown>
				<onleft>9000</onleft>
				<orientation>vertical</orientation>
				<itemlayout height="410" width="455">
					<control type="image">
						<left>10</left>
						<top>10</top>
						<width>435</width>
						<height>390</height>
						<aspectratio>stretch</aspectratio>
						<texture colordiffuse="backgrounddark">colors/white.png</texture>
					</control>
					<control type="image">
						<left>20</left>
						<top>60</top>
						<width>415</width>
						<height>234</height>
						<aspectratio aligny="center">scale</aspectratio>
						<texture>$INFO[ListItem.Art(thumb)]</texture>
					</control>
					<control type="label">
						<left>20</left>
						<top>11</top>
						<width>380</width>
						<height>25</height>
						<align>left</align>
						<aligny>center</aligny>
						<label>$INFO[ListItem.Premiered]</label>
						<font>regular18</font>
					</control>
					<control type="label">
						<left>20</left>
						<top>33</top>
						<width>380</width>
						<height>25</height>
						<align>left</align>
						<aligny>center</aligny>
						<label>$INFO[ListItem.Property(duration)]</label>
						<font>regular18</font>
					</control>
					<control type="image">
						<right>20</right>
						<top>15</top>
						<width>87</width>
						<height>20</height>
						<texture colordiffuse="white">$INFO[ListItem.Rating,flags/stars/,.png]</texture>
						<animation effect="fade" delay="800" time="400">WindowOpen</animation>
						<animation effect="fade" time="160">WindowClose</animation>
						<animation effect="fade" time="240">VisibleChange</animation>
					</control>
					<control type="label">
						<right>20</right>
						<top>33</top>
						<width>380</width>
						<height>25</height>
						<align>right</align>
						<aligny>center</aligny>
						<label>$INFO[ListItem.Property(viewcount),, $ADDON[script.extendedinfo 32061]]</label>
						<font>regular18</font>
					</control>
					<control type="textbox">
						<left>20</left>
						<top>300</top>
						<height>100</height>
						<width>415</width>
						<align>center</align>
						<label>$INFO[ListItem.Label]</label>
						<font>regular24</font>
					</control>
				</itemlayout>
				<focusedlayout height="410" width="455">
					<control type="image">
						<left>10</left>
						<top>10</top>
						<width>435</width>
						<height>390</height>
						<aspectratio>stretch</aspectratio>
						<texture colordiffuse="active">backgrounds/overlay_background.png</texture>
					</control>
					<control type="image">
						<left>20</left>
						<top>60</top>
						<width>415</width>
						<height>234</height>
						<aspectratio aligny="center">scale</aspectratio>
						<texture>$INFO[ListItem.Art(thumb)]</texture>
					</control>
					<control type="label">
						<left>20</left>
						<top>11</top>
						<width>380</width>
						<height>25</height>
						<align>left</align>
						<aligny>center</aligny>
						<label>$INFO[ListItem.Premiered]</label>
						<font>regular18</font>
					</control>
					<control type="label">
						<left>20</left>
						<top>33</top>
						<width>380</width>
						<height>25</height>
						<align>left</align>
						<aligny>center</aligny>
						<label>$INFO[ListItem.Property(duration)]</label>
						<font>regular18</font>
					</control>
					<control type="image">
						<right>20</right>
						<top>15</top>
						<width>87</width>
						<height>20</height>
						<texture colordiffuse="white">$INFO[ListItem.Rating,flags/stars/,.png]</texture>
						<animation effect="fade" delay="800" time="400">WindowOpen</animation>
						<animation effect="fade" time="160">WindowClose</animation>
						<animation effect="fade" time="240">VisibleChange</animation>
					</control>
					<control type="label">
						<right>20</right>
						<top>33</top>
						<width>380</width>
						<height>25</height>
						<align>right</align>
						<aligny>center</aligny>
						<label>$INFO[ListItem.Property(viewcount),, $ADDON[script.extendedinfo 32061]]</label>
						<font>regular18</font>
					</control>
					<control type="textbox">
						<left>20</left>
						<top>300</top>
						<height>100</height>
						<width>415</width>
						<align>center</align>
						<label>$INFO[ListItem.Label]</label>
						<font>regular24</font>
					</control>
				</focusedlayout>
			</control>
			<control type="button" id="600">
				<onfocus>SetFocus(500)</onfocus>
				<width>1</width>
				<height>1</height>
				<left>-1000</left>
			</control>
			<control type="button" id="700">
				<onfocus>SetFocus(500)</onfocus>
				<width>1</width>
				<height>1</height>
				<left>-1000</left>
			</control>
		</control>
		<control type="image">
			<texture colordiffuse="active">icons/arrowdown.png</texture>
			<centerleft>50%</centerleft>
			<top>1045</top>
			<width>36</width>
			<height>24</height>
			<visible>!String.IsEmpty(Window.Property(ArrowDown)) | Container(500).HasNext</visible>
		</control>
		<control type="image">
			<texture colordiffuse="active">icons/arrowup.png</texture>
			<centerleft>50%</centerleft>
			<top>52</top>
			<width>36</width>
			<height>24</height>
			<visible>!String.IsEmpty(Window.Property(ArrowUp)) | Container(500).HasPrevious</visible>
		</control>
		<control type="group">
			<left>-400</left>
            <top>60</top>
            <animation type="Conditional" condition="ControlGroup(9000).HasFocus" reversible="true">
                <effect type="slide" start="0" end="400" time="400" tween="cubic" easing="out" />
            </animation>
            <control type="image">
                <width>400</width>
                <height>100</height>
                <texture colordiffuse="backgroundtransparentdark">colors/white.png</texture>
            </control>
			<control type="grouplist" id="9000">
				<ondown>9000</ondown>
				<onright>500</onright>
				<onleft>500</onleft>
				<onback>500</onback>
				<defaultcontrol always="true">5001</defaultcontrol>
				<control type="button" id="5007">
					<label></label>
					<label2></label2>
					<width>0</width>
					<height>0</height>
					<texturefocus />
					<texturenofocus />
				</control>
				<control type="button" id="5001">
					<label>$ADDON[script.extendedinfo 32104]</label>
					<label2>[COLOR FFFAFAFA]$INFO[Window.Property(Sort_Label)][/COLOR]</label2>
					<width>380</width>
					<height>70</height>
					<textoffsetx>30</textoffsetx>
					<textwidth>315</textwidth>
					<align>left</align>
					<aligny>center</aligny>
					<texturefocus colordiffuse="active">backgrounds/overlay_background.png</texturefocus>
					<texturenofocus />
					<font>regular24</font>
					<focusedcolor>FFFAFAFA</focusedcolor>
				</control>
				<control type="label" id="5333">
					<label></label>
					<width>0</width>
					<height>0</height>
				</control>
				<control type="button" id="5002">
					<label></label>
					<width>0</width>
					<height>0</height>
					<texturefocus />
					<texturenofocus />
				</control>
				<control type="button" id="5003">
					<label></label>
					<width>0</width>
					<height>0</height>
					<texturefocus />
					<texturenofocus />
				</control>
				<control type="button" id="5006">
					<label></label>
					<width>0</width>
					<height>0</height>
					<texturefocus />
					<texturenofocus />
				</control>
				<control type="button" id="5008">
					<label></label>
					<width>0</width>
					<height>0</height>
					<texturefocus />
					<texturenofocus />
				</control>
				<control type="button" id="5009">
					<label></label>
					<width>0</width>
					<height>0</height>
					<texturefocus />
					<texturenofocus />
				</control>
				<control type="button" id="5012">
					<label></label>
					<width>0</width>
					<height>0</height>
					<texturefocus />
					<texturenofocus />
				</control>
				<control type="button" id="5013">
					<label></label>
					<width>0</width>
					<height>0</height>
					<texturefocus />
					<texturenofocus />
				</control>
				<control type="button" id="5005">
					<label></label>
					<width>0</width>
					<height>0</height>
					<texturefocus />
					<texturenofocus />
				</control>
			</control>
		</control>
	</controls>
</window>
