<?xml version="1.0" encoding="UTF-8"?>
<includes>
	<include name="PlayerControlCommons">
		<visible>!Window.IsVisible(SliderDialog)</visible>
		<include>VisibleFadeEffect</include>
		<include>HomeButton</include>
		<include>StandardHeader</include>
		<include>RadioTVHeader</include>
		<include>StandardBottomContent</include>
		<include>RadioBottomContent</include>
		<include content="TVBottomContent">
			<param name="show_channelswitch">true</param>
		</include>
		<include>ControlButtons</include>
		<include>BottomMenu</include>
		<include content="PopupMenu">
			<param name="panel-posy">-80</param>
			<param name="panel-height">640</param>
		</include>
	</include>

	<include name="HomeButton">
		<control type="image">
			<posx>0</posx>
			<posy>0</posy>
			<include>ScreenWidth</include>
			<height>80</height>
			<texture border="0,0,0,2">header.png</texture>
		</control>
		<control type="button">
			<description>Home Button</description>
			<posx>22</posx>
			<posy>2</posy>
			<width>150</width>
			<height>75</height>
			<font></font>
			<texturenofocus></texturenofocus>
			<texturefocus></texturefocus>
			<onclick>Dialog.Close(all)</onclick>
			<onclick>ActivateWindow(Home)</onclick>
		</control>
		<control type="image">
			<description>Kodi Logo</description>
			<posx>22</posx>
			<posy>2</posy>
			<width>150</width>
			<height>75</height>
			<texture>kodi_logo.png</texture>
			<include>VisibleFadeEffect</include>
		</control>
	</include>

	<include name="StandardHeader">
		<control type="group">
			<posx>300</posx>
			<posy>10</posy>
			<include>VisibleFadeEffect</include>
			<include>16x9_xPos_Relocation</include>
			<visible>! [Window.IsVisible(busydialog) |
			            Window.IsVisible(extendedprogressdialog) | 
			            Window.IsVisible(Notification) | 
			            Window.IsVisible(volumebar) |
			            String.Contains(Player.Folderpath,plugin.audio.radio) |
			            Pvr.IsPlayingTV]
			</visible>
			<control type="button">
				<description>Volume Button</description>
				<posx>0</posx>
				<posy>10</posy>
				<width>40</width>
				<height>40</height>
				<label></label>
				<texturenofocus>osd_volume.png</texturenofocus>
				<texturefocus colordiffuse="blue">osd_volume.png</texturefocus>
				<onclick>ActivateWindow(1112)</onclick>
			</control>
			<control type="group">
				<posx>64</posx>
				<include>VisibleFadeEffect</include>
				<visible>!Window.IsVisible(1112)</visible>
				<control type="label">
					<posx>0</posx>
					<posy>0</posy>
					<width>180</width>
					<height>32</height>
					<font>font20_title</font>
					<aligny>center</aligny>
					<label>$INFO[Player.Time(hh:mm:ss)]</label>
				</control>
				<control type="label">
					<posx>0</posx>
					<posy>0</posy>
					<width>552</width>
					<height>32</height>
					<font>font20_title</font>
					<align>center</align>
					<aligny>center</aligny>
					<label>$VAR[SeekLabel]</label>
				</control>
				<control type="label">
					<posx>552</posx>
					<posy>0</posy>
					<width>180</width>
					<height>32</height>
					<font>font20_title</font>
					<align>right</align>
					<aligny>center</aligny>
					<label>$INFO[Player.Duration(hh:mm:ss)]</label>
				</control>
				<control type="progress">
					<description>Progressbar</description>
					<posx>0</posx>
					<posy>40</posy>
					<width>552</width>
					<height>12</height>
					<info>Player.ProgressCache</info>
					<midtexture colordiffuse="grey2">white.png</midtexture>
					<texturebg colordiffuse="grey3">white.png</texturebg>
				</control>
				<control type="progress">
					<description>Progressbar</description>
					<posx>0</posx>
					<posy>40</posy>
					<width>552</width>
					<height>12</height>
					<info>Player.Progress</info>
					<texturebg colordiffuse="002C2C2C">white.png</texturebg>
				</control>
				<control type="slider" id="87">
					<description>Seek Slider</description>
					<posx>0</posx>
					<posy>30</posy>
					<width>552</width>
					<height>32</height>
					<action>seek</action>
					<texturesliderbar></texturesliderbar>
					<textureslidernib></textureslidernib>
					<textureslidernibfocus></textureslidernibfocus>
				</control>
			</control>
		</control>
	</include>

	<include name="RadioTVHeader">
		<control type="group">
			<visible>String.Contains(Player.Folderpath,plugin.audio.radio) | Pvr.IsPlayingTV</visible>
			<posx>150</posx>
			<posy>5</posy>
			<include>VisibleFadeEffect</include>
			<include>16x9_xPos_Relocation</include>
			<control type="button">
				<description>Mute Button</description>
				<posx>0</posx>
				<posy>0</posy>
				<width>68</width>
				<height>68</height>
				<label></label>
				<onclick>Mute</onclick>
				<texturefocus></texturefocus>
				<texturenofocus></texturenofocus>
			</control>
			<control type="progress" id="2">
				<description>Volume</description>
				<posx>80</posx>
				<posy>20</posy>
				<width>420</width>
				<height>30</height>
				<texturebg colordiffuse="grey3">white.png</texturebg>
				<midtexture colordiffuse="blue">white.png</midtexture>
				<info>Player.Volume</info>
			</control>
			<control type="slider" id="1">
				<description>Volume Slider</description>
				<posx>80</posx>
				<posy>0</posy>
				<width>420</width>
				<height>50</height>
 				<info>Player.Volume</info>
				<action>Volume</action>
				<texturesliderbar></texturesliderbar>
				<textureslidernib></textureslidernib>
				<textureslidernibfocus></textureslidernibfocus>
			</control>
            <control type="image">
                <left>0</left>
                <top>0</top>
                <width>68</width>
                <height>68</height>
                <texture>progress/extendedprogress/loading-back.png</texture>
                <animation effect="fade" start="100" end="0" delay="300" time="500" tween="sine" condition="Player.Muted">Conditional</animation>
            </control>
            <control type="image">
                <left>0</left>
                <top>0</top>
                <width>68</width>
                <height>68</height>
                <texture colordiffuse="blue">$INFO[Control.GetLabel(2),progress/volume/progress/p,.png]</texture>
                <animation effect="fade" start="100" end="0" delay="300" time="500" tween="sine" condition="Player.Muted">Conditional</animation>
            </control>
            <control type="image">
                <left>12</left>
                <top>12</top>
                <width>40</width>
                <height>40</height>
                <texture colordiffuse="white">$VAR[VolumeIconVar]</texture>
            </control>
			<control type="button">
				<description>VolumeDown</description>
				<posx>520</posx>
				<posy>10</posy>
				<width>70</width>
				<height>45</height>
				<texturefocus colordiffuse="blue">arrow_down.png</texturefocus>
				<texturenofocus colordiffuse="blue">arrow_down.png</texturenofocus>
				<onclick>VolumeDown</onclick>
			</control>
			<control type="button">
				<description>VolumeUp</description>
				<posx>590</posx>
				<posy>10</posy>
				<width>70</width>
				<height>45</height>
				<texturefocus colordiffuse="blue">arrow_up.png</texturefocus>
				<texturenofocus colordiffuse="blue">arrow_up.png</texturenofocus>
				<onclick>VolumeUp</onclick>
			</control>
			<control type="button">
				<description>Stop Button</description>
				<posx>800</posx>
				<posy>5</posy>
				<width>60</width>
				<height>60</height>
				<texturefocus colordiffuse="blue">osd_stop.png</texturefocus>
				<texturenofocus>osd_stop.png</texturenofocus>
				<onclick>PlayerControl(stop)</onclick>
			</control>
			<control type="button">
				<description>Back Button</description>
				<posx>900</posx>
				<posy>5</posy>
				<width>60</width>
				<height>60</height>
				<texturefocus colordiffuse="blue">icon_button_back.png</texturefocus>
				<texturenofocus>icon_button_back.png</texturenofocus>
				<onclick>Dialog.Close(all,true)</onclick>
				<onclick>ParentDir</onclick>
			</control>
			<control type="button">
				<description>Shutdown Button</description>
				<posx>1000</posx>
				<posy>5</posy>
				<width>60</width>
				<height>60</height>
				<texturefocus colordiffuse="blue">icon_button_shutdown.png</texturefocus>
				<texturenofocus>icon_button_shutdown.png</texturenofocus>
				<onclick>PlayerControl(stop)</onclick>
				<onclick>PlayerControl(stop)</onclick>
				<onclick>PlayerControl(stop)</onclick>
				<onclick>PlayerControl(stop)</onclick>
				<onclick>Dialog.Close(all,true)</onclick>
				<onclick>ActivateScreensaver</onclick>
			</control>
			<control type="button">
				<description>Settings Button</description>
				<posx>1250</posx>
				<posy>5</posy>
				<width>60</width>
				<height>60</height>
				<texturefocus colordiffuse="blue">icon_button_settings.png</texturefocus>
				<texturenofocus>icon_button_settings.png</texturenofocus>
				<onclick condition="String.IsEmpty(Window(Home).Property(PopupMenuVisible))">SetProperty(PopupMenuVisible,Show,Home)</onclick>
				<onclick condition="!String.IsEmpty(Window(Home).Property(PopupMenuVisible))">ClearProperty(PopupMenuVisible,Home)</onclick>
			</control>
		</control>
	</include>

	<include name="ControlButtons">
		<control type="group">
			<visible>!String.Contains(Player.FolderPath,plugin.audio.radio) + !Pvr.IsPlayingTV</visible>
			<posy>80r</posy>
			<control type="grouplist">
				<posx>0</posx>
				<posy>15</posy>
				<width>ScreenWidth</width>
				<height>50</height>
				<align>center</align>
				<orientation>horizontal</orientation>
				<itemgap>30</itemgap>
				<control type="button">
					<width>50</width>
					<height>50</height>
					<texturefocus colordiffuse="blue">osd_previous.png</texturefocus>
					<texturenofocus>osd_previous.png</texturenofocus>
					<onclick>PlayerControl(Previous)</onclick>
				</control>
				<control type="button">
					<width>50</width>
					<height>50</height>
					<texturefocus colordiffuse="blue">osd_rewind.png</texturefocus>
					<texturenofocus>osd_rewind.png</texturenofocus>
					<onclick>PlayerControl(Rewind)</onclick>
				</control>
				<control type="togglebutton">
					<width>50</width>
					<height>50</height>
					<texturefocus colordiffuse="blue">osd_pause.png</texturefocus>
					<texturenofocus>osd_pause.png</texturenofocus>
					<alttexturefocus colordiffuse="blue">osd_play.png</alttexturefocus>
					<alttexturenofocus>osd_play.png</alttexturenofocus>
					<usealttexture>Player.Paused | Player.Forwarding | Player.Rewinding</usealttexture>
					<onclick>PlayerControl(Play)</onclick>
				</control>
				<control type="button">
					<width>50</width>
					<height>50</height>
					<texturefocus colordiffuse="blue">osd_stop.png</texturefocus>
					<texturenofocus>osd_stop.png</texturenofocus>
					<onclick>PlayerControl(Stop)</onclick>
				</control>
				<control type="button">
					<width>50</width>
					<height>50</height>
					<texturefocus colordiffuse="blue">osd_forward.png</texturefocus>
					<texturenofocus>osd_forward.png</texturenofocus>
					<onclick>PlayerControl(Forward)</onclick>
				</control>
				<control type="button">
					<width>50</width>
					<height>50</height>
					<texturefocus colordiffuse="blue">osd_next.png</texturefocus>
					<texturenofocus>osd_next.png</texturenofocus>
					<onclick>PlayerControl(Next)</onclick>
				</control>
				<control type="togglebutton">
					<width>50</width>
					<height>50</height>
					<texturefocus colordiffuse="blue">osd_record.png</texturefocus>
					<texturenofocus>osd_record.png</texturenofocus>
					<alttexturefocus colordiffuse="red">osd_record.png</alttexturefocus>
					<alttexturenofocus colordiffuse="red">osd_record.png</alttexturenofocus>
					<usealttexture>Player.Record</usealttexture>
					<onclick>PVR.ToggleRecordPlayingChannel</onclick>
					<visible>PVR.CanRecordPlayingChannel</visible>
				</control>
			</control>
		</control>
	</include>

	<include name="StandardBottomContent">
		<control type="group">
			<visible>!String.Contains(Player.Folderpath,plugin.audio.radio) + !Pvr.IsPlayingTV</visible>
			<posx>0</posx>
			<posy>230r</posy>
			<animation effect="slide" start="0,-200" end="0,0" time="300" easing="out" tween="quadratic" >Visible</animation>
			<animation effect="slide" start="0,0" end="0,-200" time="300" easing="in" tween="quadratic" >Hidden</animation>
			<control type="image">
				<posx>0</posx>
				<posy>0</posy>
				<include>ScreenWidth</include>
				<height>230</height>
				<texture>side_panel.png</texture>
				<colordiffuse>A0000000</colordiffuse>
			</control>
			<control type="group">
				<control type="image">
					<description>cover image</description>
					<posx>0</posx>
					<posy>0</posy>
					<width>230</width>
					<height>230</height>
					<texture>$VAR[OSDImage]</texture>
					<aspectratio>keep</aspectratio>
					<fadetime>IconCrossfadeTime</fadetime>
				</control>
				<control type="label">
					<posx>250</posx>
					<posy>10</posy>
					<width>750</width>
					<height>25</height>
					<align>left</align>
					<font>font30</font>
					<label>$VAR[OSDLabel1]</label>
				</control>
				<control type="label">
					<posx>250</posx>
					<posy>60</posy>
					<width>720</width>
					<height>30</height>
					<font>font45_title</font>
					<textcolor>blue</textcolor>
					<align>left</align>
					<aligny>center</aligny>
					<label>$VAR[OSDLabel2]</label>
				</control>
				<control type="label">
					<posx>250</posx>
					<posy>100</posy>
					<width>750</width>
					<height>25</height>
					<align>left</align>
					<font>font30</font>
					<label>$VAR[OSDLabel3]</label>
				</control>
				<control type="group">
					<posx>275r</posx>
					<posy>40</posy>
					<width>275</width>
					<height>100</height>
					<visible>Window.IsVisible(MusicOSD)</visible>
					<control type="image">
						<description>Rating</description>
						<posx>0</posx>
						<posy>0</posy>
						<width>256</width>
						<height>32</height>
						<texture fallback="rating/0.png">$INFO[MusicPlayer.UserRating,rating/,.png]</texture>
					</control>
					<control type="image">
						<description>Audio Codec Image</description>
						<posx>156</posx>
						<posy>32</posy>
						<width>100</width>
						<height>44</height>
						<texture>$INFO[MusicPlayer.Codec,flagging/audio/,.png]</texture>
					</control>
				</control>
				<control type="group">
					<posx>230r</posx>
					<posy>30</posy>
					<width>250</width>
					<height>100</height>
					<visible>Window.IsVisible(VideoOSD)</visible>
					<control type="image">
						<description>Video Codec Image</description>
						<posx>0</posx>
						<posy>0</posy>
						<width>100</width>
						<height>44</height>
						<texture>$INFO[VideoPlayer.VideoCodec,flagging/video/,.png]</texture>
					</control>
					<control type="image">
						<description>Resolution Image</description>
						<posx>115</posx>
						<posy>0</posy>
						<width>100</width>
						<height>44</height>
						<texture>$INFO[VideoPlayer.VideoResolution,flagging/video/,.png]</texture>
					</control>
					<control type="image">
						<description>Audio Codec Image</description>
						<posx>0</posx>
						<posy>40</posy>
						<width>100</width>
						<height>44</height>
						<texture>$INFO[VideoPlayer.AudioCodec,flagging/audio/,.png]</texture>
					</control>
					<control type="image">
						<description>Audio Codec Image</description>
						<posx>115</posx>
						<posy>40</posy>
						<width>100</width>
						<height>44</height>
						<texture>$INFO[VideoPlayer.AudioChannels,flagging/audio/,.png]</texture>
					</control>
				</control>
				<control type="group">
					<control type="label">
						<posx>20r</posx>
						<posy>10</posy>
						<width>300</width>
						<height>25</height>
						<align>right</align>
						<aligny>center</aligny>
						<font>font30</font>
						<label>$VAR[OSDLabel4]</label>
					</control>
					<control type="label">
						<posx>20r</posx>
						<posy>122</posy>
						<width>840</width>
						<height>25</height>
						<label>$VAR[OSDLabel5]</label>
						<align>right</align>
						<aligny>center</aligny>
						<font>font30</font>
						<textcolor>blue</textcolor>
					</control>
				</control>
			</control>
		</control>
	</include>

	<include name="RadioBottomContent">
		<control type="group">
			<visible>String.Contains(Player.Folderpath,plugin.audio.radio)</visible>
			<posx>0</posx>
			<posy>230r</posy>
			<animation effect="slide" start="0,-200" end="0,0" time="300" easing="out" tween="quadratic" >Visible</animation>
			<animation effect="slide" start="0,0" end="0,-200" time="300" easing="in" tween="quadratic" >Hidden</animation>
			<control type="image">
				<posx>0</posx>
				<posy>0</posy>
				<include>ScreenWidth</include>
				<height>230</height>
				<texture>side_panel.png</texture>
				<colordiffuse>A0000000</colordiffuse>
			</control>
			<control type="group">
				<control type="image">
					<description>cover image</description>
					<posx>0</posx>
					<posy>0</posy>
					<width>230</width>
					<height>230</height>
					<texture>$VAR[OSDImage]</texture>
					<aspectratio>keep</aspectratio>
					<fadetime>IconCrossfadeTime</fadetime>
				</control>
				<control type="textbox">
					<posx>280</posx>
					<posy>0</posy>
					<width>1000</width>
					<height>230</height>
					<scroll>true</scroll>
					<font>font70_title</font>
					<align>left</align>
					<aligny>center</aligny>
					<label>$VAR[OSDLabel2]</label>
					<scrolltime>200</scrolltime>
				    <autoscroll delay="1000" time="3000" repeat="3000">true</autoscroll>
				</control>
				<include>TimeAndWeather</include>
			</control>
		</control>
	</include>
	<include name="TVBottomContent">
		<param name="show_channelswitch">false</param>
		<definition>
			<control type="group">
				<visible>Pvr.IsPlayingTV</visible>
				<posx>0</posx>
				<posy>230r</posy>
				<animation effect="slide" start="0,-200" end="0,0" time="300" easing="out" tween="quadratic" >Visible</animation>
				<animation effect="slide" start="0,0" end="0,-200" time="300" easing="in" tween="quadratic" >Hidden</animation>
				<control type="image">
					<posx>0</posx>
					<posy>0</posy>
					<include>ScreenWidth</include>
					<height>230</height>
					<texture>side_panel.png</texture>
					<colordiffuse>A0000000</colordiffuse>
				</control>
				<control type="image">
					<description>cover image</description>
					<posx>0</posx>
					<posy>0</posy>
					<width>300</width>
					<height>230</height>
					<texture>$INFO[Player.Art(thumb)]m</texture>
					<aspectratio>keep</aspectratio>
					<fadetime>IconCrossfadeTime</fadetime>
				</control>
				<control type="label">
	                <top>5</top>
	                <left>350</left>
	                <width>700</width>
	                <height>70</height>
	                <aligny>center</aligny>
	                <textcolor>blue</textcolor>
	                <font>font40</font>
	                <scroll>true</scroll>
	                <label>$INFO[VideoPlayer.Title]</label>
	            </control>
	            <control type="label">
	                <visible>!String.IsEmpty(VideoPlayer.EpisodeName)</visible>
	                <top>65</top>
	                <left>350</left>
	                <width>700</width>
	                <height>40</height>
	                <aligny>center</aligny>
	                <textcolor>white</textcolor>
	                <font>font30</font>
	                <scroll>true</scroll>
	                <label>$VAR[PVREpisodeName]</label>
	            </control>
	            <control type="label">
	                <visible>String.IsEmpty(VideoPlayer.EpisodeName)</visible>
	                <top>65</top>
	                <left>350</left>
	                <width>700</width>
	                <height>40</height>
	                <aligny>center</aligny>
	                <textcolor>white</textcolor>
	                <font>font30</font>
	                <scroll>true</scroll>
	                <label>$INFO[VideoPlayer.Genre]</label>
	            </control>
	            <control type="textbox">
	                <top>5</top>
	                <right>380</right>
	                <width>300</width>
	                <height>70</height>
	                <align>right</align>
	                <aligny>center</aligny>
	                <textcolor>blue</textcolor>
	                <font>font40</font>
	                <label>$INFO[VideoPlayer.StartTime] $INFO[VideoPlayer.EndTime,- ,]</label>
	            </control>
	            <control type="label">
	                <top>65</top>
	                <right>380</right>
	                <width>300</width>
	                <height>30</height>
	                <align>right</align>
	                <aligny>center</aligny>
	                <textcolor>blue</textcolor>
	                <font>font30</font>
	                <label>$INFO[PVR.EpgEventElapsedTime] $INFO[PVR.EpgEventDuration,/ ,]</label>
	            </control>
	            <control type="label">
	                <top>110</top>
	                <left>350</left>
	                <width>300</width>
	                <height>50</height>
	                <aligny>center</aligny>
	                <font>font24</font>
	                <label>Im Anschluss:</label>
	            </control>
	            <control type="label">
	                <top>150</top>
	                <left>350</left>
	                <width>700</width>
	                <height>50</height>
	                <aligny>center</aligny>
	                <font>font40</font>
	                <label>$INFO[VideoPlayer.NextTitle]</label>
	            </control>
	            <control type="label">
	                <top>150</top>
	                <right>380</right>
	                <width>300</width>
	                <height>50</height>
	                <align>right</align>
	                <aligny>center</aligny>
	                <font>font40</font>
	                <label>$INFO[VideoPlayer.NextStartTime] $INFO[VideoPlayer.NextEndTime,- ,]</label>
	            </control>
				<include>TimeAndWeather</include>
			</control>
			<control type="group">
				<visible>Pvr.IsPlayingTV + $PARAM[show_channelswitch]</visible>
				<posx>0</posx>
				<posy>330r</posy>
				<animation effect="slide" start="0,-200" end="0,0" time="300" easing="out" tween="quadratic" >Visible</animation>
				<animation effect="slide" start="0,0" end="0,-200" time="300" easing="in" tween="quadratic" >Hidden</animation>
				<control type="image">
					<posx>0</posx>
					<posy>0</posy>
					<width>300</width>
					<height>100</height>
					<texture>side_panel.png</texture>
					<colordiffuse>A0000000</colordiffuse>
				</control>
				<control type="button">
					<posx>10</posx>
					<posy>10</posy>
					<width>80</width>
					<height>80</height>
					<texturefocus flipx="true" colordiffuse="blue">osd_play.png</texturefocus>
					<texturenofocus flipx="true">osd_play.png</texturenofocus>
					<onclick>Action(ChannelDown)</onclick>
				</control>
				<control type="button">
					<posx>100</posx>
					<posy>-10</posy>
					<width>120</width>
					<height>120</height>
					<texturefocus colordiffuse="blue">channels.png</texturefocus>
					<texturenofocus>channels.png</texturenofocus>
					<onclick>ActivateWindow(pvrosdchannels)</onclick>
				</control>
				<control type="button">
					<posx>220</posx>
					<posy>10</posy>
					<width>80</width>
					<height>80</height>
					<texturefocus colordiffuse="blue">osd_play.png</texturefocus>
					<texturenofocus>osd_play.png</texturenofocus>
					<onclick>Action(ChannelUp)</onclick>
				</control>
				<control type="image">
					<posx>1500</posx>
					<posy>0</posy>
					<width>220</width>
					<height>100</height>
					<texture>side_panel.png</texture>
					<colordiffuse>A0000000</colordiffuse>
				</control>
				<control type="button">
					<posx>190r</posx>
					<posy>10</posy>
					<width>80</width>
					<height>80</height>
					<texturefocus colordiffuse="blue">epg.png</texturefocus>
					<texturenofocus>epg.png</texturenofocus>
					<onclick>ActivateWindow(pvrchannelguide)</onclick>
				</control>
				<control type="button">
					<posx>90r</posx>
					<posy>10</posy>
					<width>80</width>
					<height>80</height>
					<texturefocus colordiffuse="blue">recording_small.png</texturefocus>
					<texturenofocus>recording_small.png</texturenofocus>
					<onclick>Dialog.Close(all,true)</onclick>
					<onclick>ActivateWindow(10701)</onclick>
				</control>
			</control>
		</definition>
	</include>

	<include name="TimeAndWeather">
		<control type="group">
			<control type="group">
				<control type="label">
					<posx>360r</posx>
					<top>110</top>
					<width>360</width>
					<height>70</height>
					<align>center</align>
					<aligny>center</aligny>
					<font>font70_title</font>
					<label>$INFO[System.Time(hh:mm:ss)]</label>
				</control>
				<control type="label">
					<posx>360r</posx>
					<top>180</top>
					<width>360</width>
					<height>30</height>
					<align>center</align>
					<aligny>center</aligny>
					<font>font24</font>
					<label>$INFO[System.Date]</label>
				</control>
                <control type="grouplist">
                    <right>0</right>
                    <width>340</width>
                    <height>120</height>
                    <align>center</align>
                    <orientation>horizontal</orientation>
                    <itemgap>20</itemgap>
                    <control type="label">
                        <width>150</width>
                        <align>right</align>
                        <aligny>center</aligny>
                        <font>font40</font>
                        <label>$INFO[Window(Weather).Property(Current.Temperature)]$INFO[System.TemperatureUnits]</label>
                        <visible>Weather.IsFetched + ![String.IsEqual(Weather.FanartCode,na)]</visible>
                    </control>
                    <control type="image">
                        <width>300</width>
                        <height>120</height>
                        <aligny>center</aligny>
                        <aspectratio aligny="center" align="left">keep</aspectratio>
                        <texture>$INFO[Weather.FanartCode,weathericons/,.png]</texture>
                        <visible>Weather.IsFetched + ![String.IsEqual(Weather.FanartCode,na)]</visible>
                    </control>
                </control>
			</control>
		</control>
	</include>
</includes>