<?xml version="1.0" encoding="UTF-8"?>
<includes>
	<include name="PVRBack">
		<control type="image">
			<posx>115</posx>
			<posy>115</posy>
			<width>1540</width>
			<height>760</height>
			<texture>back.png</texture>
			<bordertexture border="6">panel_shadow.png</bordertexture>
			<bordersize>5</bordersize>
			<visible>String.IsEqual(Skin.AspectRatio,16:9) + Control.IsVisible(10)</visible>
		</control>
		<control type="image">
			<posx>115</posx>
			<posy>115</posy>
			<width>1100</width>
			<height>760</height>
			<texture>back.png</texture>
			<bordertexture border="6">panel_shadow.png</bordertexture>
			<bordersize>5</bordersize>
			<visible>String.IsEqual(Skin.AspectRatio,4:3) + Control.IsVisible(10)</visible>
		</control>
	</include>
	<include name="PVRList">
		<control type="list" id="$PARAM[panel-id]">
			<posx>120</posx>
			<posy>120</posy>
			<width>$PARAM[panel-width]</width>
			<height>540</height>
			<onleft>2</onleft>
			<onright>60</onright>
			<viewtype label="535">list</viewtype>
			<pagecontrol>60</pagecontrol>
			<scrolltime>200</scrolltime>
			<preloaditems>2</preloaditems>
			<itemlayout height="90" width="$PARAM[panel-width]">
				<control type="image">
					<posx>10</posx>
					<posy>10</posy>
					<width>70</width>
					<height>70</height>
					<texture background="true">$VAR[PosterThumb]</texture>
					<aspectratio>keep</aspectratio>
				</control>
				<control type="label">
					<posx>100</posx>
					<posy>0</posy>
					<width>$PARAM[label-width]</width>
					<height>60</height>
					<font>font28_title</font>
					<selectedcolor>selected</selectedcolor>
					<align>left</align>
					<aligny>center</aligny>
					<label>$VAR[PVRListLabel]</label>
				</control>
				<control type="label">
					<posx>100</posx>
					<posy>0</posy>
					<width>$PARAM[label-width]</width>
					<height>60</height>
					<font>font25</font>
					<selectedcolor>selected</selectedcolor>
					<align>right</align>
					<aligny>center</aligny>
					<label>$INFO[ListItem.Date]</label>
				</control>
				<control type="label">
					<posx>100</posx>
					<posy>40</posy>
					<width>$PARAM[label-width]</width>
					<height>50</height>
					<font>font25</font>
					<selectedcolor>selected</selectedcolor>
					<align>left</align>
					<aligny>center</aligny>
					<label>$INFO[ListItem.ChannelNumberLabel,,. ]$INFO[ListItem.ChannelName]</label>
				</control>
				<control type="label">
					<posx>100</posx>
					<posy>40</posy>
					<width>$PARAM[label-width]</width>
					<height>50</height>
					<font>font25</font>
					<selectedcolor>selected</selectedcolor>
					<align>right</align>
					<aligny>center</aligny>
					<label>$INFO[ListItem.Comment]</label>
				</control>
				<control type="progress">
					<description>Progress</description>
					<posx>100</posx>
					<posy>83</posy>
					<width>$PARAM[label-width]</width>
					<height>6</height>
					<info>ListItem.Progress</info>
				</control>
			</itemlayout>
			<focusedlayout height="90" width="$PARAM[panel-width]">
				<control type="image">
					<posx>0</posx>
					<posy>0</posy>
					<width>$PARAM[panel-width]</width>
					<height>90</height>
					<texture>list_focus.png</texture>
					<include>VisibleFadeEffect</include>
				</control>
				<control type="image">
					<posx>10</posx>
					<posy>10</posy>
					<width>70</width>
					<height>70</height>
					<texture background="true">$VAR[PosterThumb]</texture>
					<aspectratio>keep</aspectratio>
				</control>
				<control type="label">
					<posx>100</posx>
					<posy>0</posy>
					<width>$PARAM[label-width]</width>
					<height>60</height>
					<font>font28_title</font>
					<selectedcolor>selected</selectedcolor>
					<align>left</align>
					<aligny>center</aligny>
					<label>$VAR[PVRListLabel]</label>
				</control>
				<control type="label">
					<posx>100</posx>
					<posy>0</posy>
					<width>$PARAM[label-width]</width>
					<height>60</height>
					<font>font25</font>
					<selectedcolor>selected</selectedcolor>
					<align>right</align>
					<aligny>center</aligny>
					<label>$INFO[ListItem.Date]</label>
				</control>
				<control type="label">
					<posx>100</posx>
					<posy>40</posy>
					<width>$PARAM[label-width]</width>
					<height>50</height>
					<font>font25</font>
					<selectedcolor>selected</selectedcolor>
					<align>left</align>
					<aligny>center</aligny>
					<label>$INFO[ListItem.ChannelNumberLabel,,. ]$INFO[ListItem.ChannelName]</label>
				</control>
				<control type="label">
					<posx>100</posx>
					<posy>40</posy>
					<width>$PARAM[label-width]</width>
					<height>50</height>
					<font>font25</font>
					<selectedcolor>selected</selectedcolor>
					<align>right</align>
					<aligny>center</aligny>
					<label>$INFO[ListItem.Comment]</label>
				</control>
				<control type="progress">
					<description>Progress</description>
					<posx>100</posx>
					<posy>83</posy>
					<width>$PARAM[label-width]</width>
					<height>6</height>
					<info>ListItem.Progress</info>
				</control>
			</focusedlayout>
		</control>
	</include>
	<include name="PVREPG">
		<control type="image">
			<posx>120</posx>
			<posy>105</posy>
			<width>$PARAM[panel-width]</width>
			<height>550</height>
			<texture>panel.png</texture>
		</control>
		<control type="epggrid" id="10">
			<posx>120</posx>
			<posy>105</posy>
			<width>$PARAM[panel-width]</width>
			<height>550</height>
			<onleft>2</onleft>
			<onright>10</onright>
			<onup>10</onup>
			<ondown>10</ondown>
			<viewtype label="19069">list</viewtype>
			<pagecontrol>10</pagecontrol>
			<scrolltime>200</scrolltime>
			<timeblocks>40</timeblocks>
			<rulerunit>6</rulerunit>
			<progresstexture border="0,3,8,3">epg_marker.png</progresstexture>
			<rulerlayout height="30" width="40">
				<control type="label" id="2">
					<posx>10</posx>
					<posy>0</posy>
					<width>34</width>
					<height>30</height>
					<font>font16</font>
					<aligny>center</aligny>
					<selectedcolor>blue</selectedcolor>
					<align>left</align>
					<label>[B]$INFO[ListItem.Label][/B]</label>
				</control>
				<control type="image">
					<posx>0</posx>
					<posy>0</posy>
					<width>250</width>
					<height>30</height>
					<texture border="2">separator.png</texture>
					<visible>ListItem.Property(DateLabel)</visible>
				</control>
				<control type="image">
					<posx>0</posx>
					<posy>0</posy>
					<width>2</width>
					<height>30</height>
					<texture border="2">separator.png</texture>
					<visible>!ListItem.Property(DateLabel)</visible>
				</control>
			</rulerlayout>
			<channellayout height="65" width="250">
				<control type="image">
					<posx>0</posx>
					<posy>65</posy>
					<width>250</width>
					<height>2</height>
					<texture border="2">separator.png</texture>
					<colordiffuse>FF464646</colordiffuse>
				</control>
				<control type="image">
					<posx>5</posx>
					<posy>10</posy>
					<width>45</width>
					<height>45</height>
					<texture background="true">$INFO[ListItem.Icon]</texture>
					<aspectratio>keep</aspectratio>
				</control>
				<control type="label" id="1">
					<posx>55</posx>
					<posy>0</posy>
					<width>200</width>
					<height>65</height>
					<font>font20</font>
					<aligny>center</aligny>
					<selectedcolor>blue</selectedcolor>
					<align>right</align>
					<label>[B]$INFO[ListItem.ChannelNumberLabel,,.] $INFO[ListItem.ChannelName][/B]</label>
					<scroll>false</scroll>
				</control>
			</channellayout>
			<focusedchannellayout height="65" width="250">
				<control type="image">
					<posx>0</posx>
					<posy>65</posy>
					<width>250</width>
					<height>2</height>
					<texture border="2">separator.png</texture>
					<colordiffuse>FF464646</colordiffuse>
				</control>
				<control type="image" id="1">
					<posx>0</posx>
					<posy>0</posy>
					<width>250</width>
					<height>65</height>
					<texture>list_focus.png</texture>
				</control>
				<control type="image">
					<posx>5</posx>
					<posy>10</posy>
					<width>45</width>
					<height>45</height>
					<texture background="true">$INFO[ListItem.Icon]</texture>
					<aspectratio>keep</aspectratio>
				</control>
				<control type="label" id="1">
					<posx>55</posx>
					<posy>0</posy>
					<width>200</width>
					<height>65</height>
					<font>font20</font>
					<aligny>center</aligny>
					<selectedcolor>blue</selectedcolor>
					<align>right</align>
					<label>[B]$INFO[ListItem.ChannelNumberLabel,,.] $INFO[ListItem.ChannelName][/B]</label>
					<scroll>false</scroll>
				</control>
			</focusedchannellayout>
			<itemlayout width="40" height="65">
				<control type="image" id="2">
					<width>40</width>
					<height>65</height>
					<posx>0</posx>
					<posy>0</posy>
					<aspectratio>stretch</aspectratio>
					<texture border="3">$INFO[ListItem.Property(GenreType),epg/,.png]</texture>
				</control>
				<control type="label" id="1">
					<posx>6</posx>
					<posy>0</posy>
					<width>30</width>
					<height>65</height>
					<font>font20_title</font>
					<aligny>center</aligny>
					<selectedcolor>blue</selectedcolor>
					<align>left</align>
					<label>$INFO[ListItem.Label]</label>
					<scroll>false</scroll>
				</control>
				<control type="image">
					<posx>5</posx>
					<posy>45</posy>
					<width>20</width>
					<height>20</height>
					<texture>epg_record.png</texture>
					<visible>ListItem.IsRecording</visible>
				</control>
				<control type="image">
					<posx>5</posx>
					<posy>45</posy>
					<width>20</width>
					<height>20</height>
					<texture>epg_schedule.png</texture>
					<visible>ListItem.HasTimer</visible>
				</control>
			</itemlayout>
			<focusedlayout width="40" height="65">
				<control type="image" id="2">
					<width>40</width>
					<height>65</height>
					<posx>0</posx>
					<posy>0</posy>
					<aspectratio>stretch</aspectratio>
					<texture border="3">$INFO[ListItem.Property(GenreType),epg/,.png]</texture>
					<colordiffuse>D0FFFFFF</colordiffuse>
				</control>
				<control type="image" id="2">
					<width>40</width>
					<height>65</height>
					<posx>0</posx>
					<posy>0</posy>
					<texture border="5">thumb_focus.png</texture>
				</control>
				<control type="label" id="1">
					<posx>6</posx>
					<posy>0</posy>
					<width>30</width>
					<height>65</height>
					<font>font20_title</font>
					<aligny>center</aligny>
					<selectedcolor>blue</selectedcolor>
					<align>left</align>
					<label>$INFO[ListItem.Label]</label>
					<scroll>false</scroll>
				</control>
				<control type="image">
					<posx>7</posx>
					<posy>44</posy>
					<width>15</width>
					<height>15</height>
					<texture>epg_record.png</texture>
					<visible>ListItem.IsRecording</visible>
				</control>
				<control type="image">
					<posx>7</posx>
					<posy>44</posy>
					<width>15</width>
					<height>15</height>
					<texture>epg_schedule.png</texture>
					<visible>ListItem.HasTimer</visible>
				</control>
			</focusedlayout>
		</control>
	</include>
	<include name="PVRInfo">
		<control type="group">
			<control type="image">
				<posx>120</posx>
				<posy>670</posy>
				<width>$PARAM[panel-width]</width>
				<height>200</height>
				<texture>panel.png</texture>
				<include>VisibleFadeEffect</include>
			</control>
			<control type="image">
				<visible>String.IsEmpty(ListItem.EPGEventIcon) + !Player.HasVideo</visible>
				<posx>120</posx>
				<posy>670</posy>
				<width>356</width>
				<height>200</height>
				<texture>$INFO[ListItem.Thumb]</texture>
				<include>VisibleFadeEffect</include>
			</control>
			<control type="image">
				<visible>!String.IsEmpty(ListItem.EPGEventIcon) + !Player.HasVideo</visible>
				<posx>120</posx>
				<posy>670</posy>
				<width>356</width>
				<height>200</height>
				<texture>$INFO[ListItem.EPGEventIcon]</texture>
				<aspectratio>keep</aspectratio>
				<include>VisibleFadeEffect</include>
			</control>
			<control type="videowindow">
				<posx>120</posx>
				<posy>670</posy>
				<width>356</width>
				<height>200</height>
				<visible>Player.HasVideo</visible>
			</control>
			<control type="textbox">
				<posx>485</posx>
				<posy>678</posy>
				<width>$PARAM[textbox-width]</width>
				<height>176</height>
				<label>[B]$INFO[ListItem.Plot][/B]</label>
				<font>font24</font>
				<autoscroll delay="2000" time="2000" repeat="2000">True</autoscroll>
			</control>
		</control>
	</include>
</includes>
