<window>
	<onunload>RunAddon(plugin.audio.radio_de_mod)</onunload>
	<controls>
		<control type="image">
			<posx>0</posx>
			<posy>0</posy>
			<width>1280</width>
			<height>720</height>
			<texture>screensaver-black.png</texture>
			<animation effect="fade" start="0" end="100" time="500">WindowOpen</animation>
		</control>
		<control type="group">
			<animation type="WindowOpen">
				<effect type="fade" start="0" end="100" time="500"/>
				<effect type="zoom" start="0" end="100" time="500" center="640,263" tween="back" easing="out"/>
			</animation>
			<animation type="WindowClose">
				<effect type="fade" start="100" end="0" time="500"/>
				<effect type="zoom" start="100" end="0" time="500" center="640,263" tween="back" easing="in"/>
			</animation>
			<control type="group" id="30098">
				<posx>100</posx>
				<posy>88</posy>
				<control type="group">
					<posx>15</posx>
					<posy>20</posy>
					<control type="button" id="5096">
						<posx>-15</posx>
						<posy>0</posy>
						<width>5</width>
						<height>5</height>
						<font>font30</font>
						<textwidth>20</textwidth>
						<align>center</align>
						<textcolor>CCFFFFFF</textcolor>
						<disabledcolor>CC444444</disabledcolor>
						<label>[B]°[/B]</label>
						<texturenofocus></texturenofocus>
						<texturefocus></texturefocus>
						<enable>String.IsEqual(System.Time(mm),01) | String.IsEqual(System.Time(mm),11) | String.IsEqual(System.Time(mm),21) | String.IsEqual(System.Time(mm),31) | String.IsEqual(System.Time(mm),41) | String.IsEqual(System.Time(mm),51) | String.IsEqual(System.Time(mm),06,right) | String.IsEqual(System.Time(mm),16,right) | String.IsEqual(System.Time(mm),26,right) | String.IsEqual(System.Time(mm),36,right) | String.IsEqual(System.Time(mm),46,right) | String.IsEqual(System.Time(mm),56,right) | Control.isEnabled(5097)</enable>
					</control>
					<control type="button" id="5097">
						<posx>555</posx>
						<posy>0</posy>
						<width>5</width>
						<height>5</height>
						<font>font30</font>
						<textwidth>20</textwidth>
						<align>center</align>
						<textcolor>CCFFFFFF</textcolor>
						<disabledcolor>CC444444</disabledcolor>
						<label>[B]°[/B]</label>
						<texturenofocus></texturenofocus>
						<texturefocus></texturefocus>
						<enable>String.IsEqual(System.Time(mm),02) | String.IsEqual(System.Time(mm),12) | String.IsEqual(System.Time(mm),22) | String.IsEqual(System.Time(mm),32) | String.IsEqual(System.Time(mm),42) | String.IsEqual(System.Time(mm),52) | String.IsEqual(System.Time(mm),07) | String.IsEqual(System.Time(mm),17) | String.IsEqual(System.Time(mm),27) | String.IsEqual(System.Time(mm),37) | String.IsEqual(System.Time(mm),47) | String.IsEqual(System.Time(mm),57) | Control.isEnabled(5098)</enable>
					</control>
					<control type="button" id="5098">
						<posx>-15</posx>
						<posy>504</posy>
						<width>5</width>
						<height>5</height>
						<font>font30</font>
						<textwidth>20</textwidth>
						<align>center</align>
						<textcolor>CCFFFFFF</textcolor>
						<disabledcolor>CC444444</disabledcolor>
						<label>[B]°[/B]</label>
						<texturenofocus></texturenofocus>
						<texturefocus></texturefocus>
						<enable>String.IsEqual(System.Time(mm),03) | String.IsEqual(System.Time(mm),13) | String.IsEqual(System.Time(mm),23) | String.IsEqual(System.Time(mm),33) | String.IsEqual(System.Time(mm),43) | String.IsEqual(System.Time(mm),53) | String.IsEqual(System.Time(mm),08) | String.IsEqual(System.Time(mm),18) | String.IsEqual(System.Time(mm),28) | String.IsEqual(System.Time(mm),38) | String.IsEqual(System.Time(mm),48) | String.IsEqual(System.Time(mm),58) | Control.isEnabled(5099)</enable>
					</control>
					<control type="button" id="5099">
						<posx>555</posx>
						<posy>504</posy>
						<width>5</width>
						<height>5</height>
						<font>font30</font>
						<textwidth>20</textwidth>
						<align>center</align>
						<textcolor>CCFFFFFF</textcolor>
						<disabledcolor>CC444444</disabledcolor>
						<label>[B]°[/B]</label>
						<texturenofocus></texturenofocus>
						<texturefocus></texturefocus>
						<enable>String.IsEqual(System.Time(mm),04) | String.IsEqual(System.Time(mm),14) | String.IsEqual(System.Time(mm),24) | String.IsEqual(System.Time(mm),34) | String.IsEqual(System.Time(mm),44) | String.IsEqual(System.Time(mm),54) | String.IsEqual(System.Time(mm),09) | String.IsEqual(System.Time(mm),19) | String.IsEqual(System.Time(mm),29) | String.IsEqual(System.Time(mm),39) | String.IsEqual(System.Time(mm),49) | String.IsEqual(System.Time(mm),59)</enable>
					</control>
				</control>
				<control type="panel">
					<posx>10</posx>
					<posy>20</posy>
					<width>570</width>
					<height>500</height>
					<onleft></onleft>
					<onright></onright>
					<onup></onup>
					<ondown></ondown>
					<hitrect x="-10" y="-10" w="1" h="1" />
					<itemlayout height="50" width="50">
						<control type="label">
							<posx>0</posx>
							<posy>0</posy>
							<width>50</width>
							<height>50</height>
							<font>font13</font>
							<textcolor>CC555555</textcolor>
							<selectedcolor>CC555555</selectedcolor>
							<align>center</align>
							<aligny>center</aligny>
							<label>[B]$INFO[ListItem.Label][/B]</label>
						</control>
						<control type="label">
							<posx>0</posx>
							<posy>0</posy>
							<width>50</width>
							<height>50</height>
							<font>font13</font>
							<textcolor>CCFFFFFF</textcolor>
							<selectedcolor>CCFFFFFF</selectedcolor>
							<align>center</align>
							<aligny>center</aligny>
							<label>[B]$INFO[ListItem.Label2][/B]</label>
						</control>
					</itemlayout>
					<focusedlayout height="50" width="50"/>
					<content>
						<item>
							<label>$INFO[Window(Home).Property(Qlock.1.Background)]</label>
							<label2>$INFO[Window(Home).Property(Qlock.1.Highlight)]</label2>
							<onclick></onclick>
						</item>
						<item>
							<label>$INFO[Window(Home).Property(Qlock.2.Background)]</label>
							<label2>$INFO[Window(Home).Property(Qlock.2.Highlight)]</label2>
							<onclick></onclick>
						</item>
						<item>
							<label>$INFO[Window(Home).Property(Qlock.3.Background)]</label>
							<label2>$INFO[Window(Home).Property(Qlock.3.Highlight)]</label2>
							<onclick></onclick>
						</item>
						<item>
							<label>$INFO[Window(Home).Property(Qlock.4.Background)]</label>
							<label2>$INFO[Window(Home).Property(Qlock.4.Highlight)]</label2>
							<onclick></onclick>
						</item>
						<item>
							<label>$INFO[Window(Home).Property(Qlock.5.Background)]</label>
							<label2>$INFO[Window(Home).Property(Qlock.5.Highlight)]</label2>
							<onclick></onclick>
						</item>
						<item>
							<label>$INFO[Window(Home).Property(Qlock.6.Background)]</label>
							<label2>$INFO[Window(Home).Property(Qlock.6.Highlight)]</label2>
							<onclick></onclick>
						</item>
						<item>
							<label>$INFO[Window(Home).Property(Qlock.7.Background)]</label>
							<label2>$INFO[Window(Home).Property(Qlock.7.Highlight)]</label2>
							<onclick></onclick>
						</item>
						<item>
							<label>$INFO[Window(Home).Property(Qlock.8.Background)]</label>
							<label2>$INFO[Window(Home).Property(Qlock.8.Highlight)]</label2>
							<onclick></onclick>
						</item>
						<item>
							<label>$INFO[Window(Home).Property(Qlock.9.Background)]</label>
							<label2>$INFO[Window(Home).Property(Qlock.9.Highlight)]</label2>
							<onclick></onclick>
						</item>
						<item>
							<label>$INFO[Window(Home).Property(Qlock.10.Background)]</label>
							<label2>$INFO[Window(Home).Property(Qlock.10.Highlight)]</label2>
							<onclick></onclick>
						</item>
						<item>
							<label>$INFO[Window(Home).Property(Qlock.11.Background)]</label>
							<label2>$INFO[Window(Home).Property(Qlock.11.Highlight)]</label2>
							<onclick></onclick>
						</item>
						<item>
							<label>$INFO[Window(Home).Property(Qlock.12.Background)]</label>
							<label2>$INFO[Window(Home).Property(Qlock.12.Highlight)]</label2>
							<onclick></onclick>
						</item>
						<item>
							<label>$INFO[Window(Home).Property(Qlock.13.Background)]</label>
							<label2>$INFO[Window(Home).Property(Qlock.13.Highlight)]</label2>
							<onclick></onclick>
						</item>
						<item>
							<label>$INFO[Window(Home).Property(Qlock.14.Background)]</label>
							<label2>$INFO[Window(Home).Property(Qlock.14.Highlight)]</label2>
							<onclick></onclick>
						</item>
						<item>
							<label>$INFO[Window(Home).Property(Qlock.15.Background)]</label>
							<label2>$INFO[Window(Home).Property(Qlock.15.Highlight)]</label2>
							<onclick></onclick>
						</item>
						<item>
							<label>$INFO[Window(Home).Property(Qlock.16.Background)]</label>
							<label2>$INFO[Window(Home).Property(Qlock.16.Highlight)]</label2>
							<onclick></onclick>
						</item>
						<item>
							<label>$INFO[Window(Home).Property(Qlock.17.Background)]</label>
							<label2>$INFO[Window(Home).Property(Qlock.17.Highlight)]</label2>
							<onclick></onclick>
						</item>
						<item>
							<label>$INFO[Window(Home).Property(Qlock.18.Background)]</label>
							<label2>$INFO[Window(Home).Property(Qlock.18.Highlight)]</label2>
							<onclick></onclick>
						</item>
						<item>
							<label>$INFO[Window(Home).Property(Qlock.19.Background)]</label>
							<label2>$INFO[Window(Home).Property(Qlock.19.Highlight)]</label2>
							<onclick></onclick>
						</item>
						<item>
							<label>$INFO[Window(Home).Property(Qlock.20.Background)]</label>
							<label2>$INFO[Window(Home).Property(Qlock.20.Highlight)]</label2>
							<onclick></onclick>
						</item>
						<item>
							<label>$INFO[Window(Home).Property(Qlock.21.Background)]</label>
							<label2>$INFO[Window(Home).Property(Qlock.21.Highlight)]</label2>
							<onclick></onclick>
						</item>
						<item>
							<label>$INFO[Window(Home).Property(Qlock.22.Background)]</label>
							<label2>$INFO[Window(Home).Property(Qlock.22.Highlight)]</label2>
							<onclick></onclick>
						</item>
						<item>
							<label>$INFO[Window(Home).Property(Qlock.23.Background)]</label>
							<label2>$INFO[Window(Home).Property(Qlock.23.Highlight)]</label2>
							<onclick></onclick>
						</item>
						<item>
							<label>$INFO[Window(Home).Property(Qlock.24.Background)]</label>
							<label2>$INFO[Window(Home).Property(Qlock.24.Highlight)]</label2>
							<onclick></onclick>
						</item>
						<item>
							<label>$INFO[Window(Home).Property(Qlock.25.Background)]</label>
							<label2>$INFO[Window(Home).Property(Qlock.25.Highlight)]</label2>
							<onclick></onclick>
						</item>
						<item>
							<label>$INFO[Window(Home).Property(Qlock.26.Background)]</label>
							<label2>$INFO[Window(Home).Property(Qlock.26.Highlight)]</label2>
							<onclick></onclick>
						</item>
						<item>
							<label>$INFO[Window(Home).Property(Qlock.27.Background)]</label>
							<label2>$INFO[Window(Home).Property(Qlock.27.Highlight)]</label2>
							<onclick></onclick>
						</item>
						<item>
							<label>$INFO[Window(Home).Property(Qlock.28.Background)]</label>
							<label2>$INFO[Window(Home).Property(Qlock.28.Highlight)]</label2>
							<onclick></onclick>
						</item>
						<item>
							<label>$INFO[Window(Home).Property(Qlock.29.Background)]</label>
							<label2>$INFO[Window(Home).Property(Qlock.29.Highlight)]</label2>
							<onclick></onclick>
						</item>
						<item>
							<label>$INFO[Window(Home).Property(Qlock.30.Background)]</label>
							<label2>$INFO[Window(Home).Property(Qlock.30.Highlight)]</label2>
							<onclick></onclick>
						</item>
						<item>
							<label>$INFO[Window(Home).Property(Qlock.31.Background)]</label>
							<label2>$INFO[Window(Home).Property(Qlock.31.Highlight)]</label2>
							<onclick></onclick>
						</item>
						<item>
							<label>$INFO[Window(Home).Property(Qlock.32.Background)]</label>
							<label2>$INFO[Window(Home).Property(Qlock.32.Highlight)]</label2>
							<onclick></onclick>
						</item>
						<item>
							<label>$INFO[Window(Home).Property(Qlock.33.Background)]</label>
							<label2>$INFO[Window(Home).Property(Qlock.33.Highlight)]</label2>
							<onclick></onclick>
						</item>
						<item>
							<label>$INFO[Window(Home).Property(Qlock.34.Background)]</label>
							<label2>$INFO[Window(Home).Property(Qlock.34.Highlight)]</label2>
							<onclick></onclick>
						</item>
						<item>
							<label>$INFO[Window(Home).Property(Qlock.35.Background)]</label>
							<label2>$INFO[Window(Home).Property(Qlock.35.Highlight)]</label2>
							<onclick></onclick>
						</item>
						<item>
							<label>$INFO[Window(Home).Property(Qlock.36.Background)]</label>
							<label2>$INFO[Window(Home).Property(Qlock.36.Highlight)]</label2>
							<onclick></onclick>
						</item>
						<item>
							<label>$INFO[Window(Home).Property(Qlock.37.Background)]</label>
							<label2>$INFO[Window(Home).Property(Qlock.37.Highlight)]</label2>
							<onclick></onclick>
						</item>
						<item>
							<label>$INFO[Window(Home).Property(Qlock.38.Background)]</label>
							<label2>$INFO[Window(Home).Property(Qlock.38.Highlight)]</label2>
							<onclick></onclick>
						</item>
						<item>
							<label>$INFO[Window(Home).Property(Qlock.39.Background)]</label>
							<label2>$INFO[Window(Home).Property(Qlock.39.Highlight)]</label2>
							<onclick></onclick>
						</item>
						<item>
							<label>$INFO[Window(Home).Property(Qlock.40.Background)]</label>
							<label2>$INFO[Window(Home).Property(Qlock.40.Highlight)]</label2>
							<onclick></onclick>
						</item>
						<item>
							<label>$INFO[Window(Home).Property(Qlock.41.Background)]</label>
							<label2>$INFO[Window(Home).Property(Qlock.41.Highlight)]</label2>
							<onclick></onclick>
						</item>
						<item>
							<label>$INFO[Window(Home).Property(Qlock.42.Background)]</label>
							<label2>$INFO[Window(Home).Property(Qlock.42.Highlight)]</label2>
							<onclick></onclick>
						</item>
						<item>
							<label>$INFO[Window(Home).Property(Qlock.43.Background)]</label>
							<label2>$INFO[Window(Home).Property(Qlock.43.Highlight)]</label2>
							<onclick></onclick>
						</item>
						<item>
							<label>$INFO[Window(Home).Property(Qlock.44.Background)]</label>
							<label2>$INFO[Window(Home).Property(Qlock.44.Highlight)]</label2>
							<onclick></onclick>
						</item>
						<item>
							<label>$INFO[Window(Home).Property(Qlock.45.Background)]</label>
							<label2>$INFO[Window(Home).Property(Qlock.45.Highlight)]</label2>
							<onclick></onclick>
						</item>
						<item>
							<label>$INFO[Window(Home).Property(Qlock.46.Background)]</label>
							<label2>$INFO[Window(Home).Property(Qlock.46.Highlight)]</label2>
							<onclick></onclick>
						</item>
						<item>
							<label>$INFO[Window(Home).Property(Qlock.47.Background)]</label>
							<label2>$INFO[Window(Home).Property(Qlock.47.Highlight)]</label2>
							<onclick></onclick>
						</item>
						<item>
							<label>$INFO[Window(Home).Property(Qlock.48.Background)]</label>
							<label2>$INFO[Window(Home).Property(Qlock.48.Highlight)]</label2>
							<onclick></onclick>
						</item>
						<item>
							<label>$INFO[Window(Home).Property(Qlock.49.Background)]</label>
							<label2>$INFO[Window(Home).Property(Qlock.49.Highlight)]</label2>
							<onclick></onclick>
						</item>
						<item>
							<label>$INFO[Window(Home).Property(Qlock.50.Background)]</label>
							<label2>$INFO[Window(Home).Property(Qlock.50.Highlight)]</label2>
							<onclick></onclick>
						</item>
						<item>
							<label>$INFO[Window(Home).Property(Qlock.51.Background)]</label>
							<label2>$INFO[Window(Home).Property(Qlock.51.Highlight)]</label2>
							<onclick></onclick>
						</item>
						<item>
							<label>$INFO[Window(Home).Property(Qlock.52.Background)]</label>
							<label2>$INFO[Window(Home).Property(Qlock.52.Highlight)]</label2>
							<onclick></onclick>
						</item>
						<item>
							<label>$INFO[Window(Home).Property(Qlock.53.Background)]</label>
							<label2>$INFO[Window(Home).Property(Qlock.53.Highlight)]</label2>
							<onclick></onclick>
						</item>
						<item>
							<label>$INFO[Window(Home).Property(Qlock.54.Background)]</label>
							<label2>$INFO[Window(Home).Property(Qlock.54.Highlight)]</label2>
							<onclick></onclick>
						</item>
						<item>
							<label>$INFO[Window(Home).Property(Qlock.55.Background)]</label>
							<label2>$INFO[Window(Home).Property(Qlock.55.Highlight)]</label2>
							<onclick></onclick>
						</item>
						<item>
							<label>$INFO[Window(Home).Property(Qlock.56.Background)]</label>
							<label2>$INFO[Window(Home).Property(Qlock.56.Highlight)]</label2>
							<onclick></onclick>
						</item>
						<item>
							<label>$INFO[Window(Home).Property(Qlock.57.Background)]</label>
							<label2>$INFO[Window(Home).Property(Qlock.57.Highlight)]</label2>
							<onclick></onclick>
						</item>
						<item>
							<label>$INFO[Window(Home).Property(Qlock.58.Background)]</label>
							<label2>$INFO[Window(Home).Property(Qlock.58.Highlight)]</label2>
							<onclick></onclick>
						</item>
						<item>
							<label>$INFO[Window(Home).Property(Qlock.59.Background)]</label>
							<label2>$INFO[Window(Home).Property(Qlock.59.Highlight)]</label2>
							<onclick></onclick>
						</item>
						<item>
							<label>$INFO[Window(Home).Property(Qlock.60.Background)]</label>
							<label2>$INFO[Window(Home).Property(Qlock.60.Highlight)]</label2>
							<onclick></onclick>
						</item>
						<item>
							<label>$INFO[Window(Home).Property(Qlock.61.Background)]</label>
							<label2>$INFO[Window(Home).Property(Qlock.61.Highlight)]</label2>
							<onclick></onclick>
						</item>
						<item>
							<label>$INFO[Window(Home).Property(Qlock.62.Background)]</label>
							<label2>$INFO[Window(Home).Property(Qlock.62.Highlight)]</label2>
							<onclick></onclick>
						</item>
						<item>
							<label>$INFO[Window(Home).Property(Qlock.63.Background)]</label>
							<label2>$INFO[Window(Home).Property(Qlock.63.Highlight)]</label2>
							<onclick></onclick>
						</item>
						<item>
							<label>$INFO[Window(Home).Property(Qlock.64.Background)]</label>
							<label2>$INFO[Window(Home).Property(Qlock.64.Highlight)]</label2>
							<onclick></onclick>
						</item>
						<item>
							<label>$INFO[Window(Home).Property(Qlock.65.Background)]</label>
							<label2>$INFO[Window(Home).Property(Qlock.65.Highlight)]</label2>
							<onclick></onclick>
						</item>
						<item>
							<label>$INFO[Window(Home).Property(Qlock.66.Background)]</label>
							<label2>$INFO[Window(Home).Property(Qlock.66.Highlight)]</label2>
							<onclick></onclick>
						</item>
						<item>
							<label>$INFO[Window(Home).Property(Qlock.67.Background)]</label>
							<label2>$INFO[Window(Home).Property(Qlock.67.Highlight)]</label2>
							<onclick></onclick>
						</item>
						<item>
							<label>$INFO[Window(Home).Property(Qlock.68.Background)]</label>
							<label2>$INFO[Window(Home).Property(Qlock.68.Highlight)]</label2>
							<onclick></onclick>
						</item>
						<item>
							<label>$INFO[Window(Home).Property(Qlock.69.Background)]</label>
							<label2>$INFO[Window(Home).Property(Qlock.69.Highlight)]</label2>
							<onclick></onclick>
						</item>
						<item>
							<label>$INFO[Window(Home).Property(Qlock.70.Background)]</label>
							<label2>$INFO[Window(Home).Property(Qlock.70.Highlight)]</label2>
							<onclick></onclick>
						</item>
						<item>
							<label>$INFO[Window(Home).Property(Qlock.71.Background)]</label>
							<label2>$INFO[Window(Home).Property(Qlock.71.Highlight)]</label2>
							<onclick></onclick>
						</item>
						<item>
							<label>$INFO[Window(Home).Property(Qlock.72.Background)]</label>
							<label2>$INFO[Window(Home).Property(Qlock.72.Highlight)]</label2>
							<onclick></onclick>
						</item>
						<item>
							<label>$INFO[Window(Home).Property(Qlock.73.Background)]</label>
							<label2>$INFO[Window(Home).Property(Qlock.73.Highlight)]</label2>
							<onclick></onclick>
						</item>
						<item>
							<label>$INFO[Window(Home).Property(Qlock.74.Background)]</label>
							<label2>$INFO[Window(Home).Property(Qlock.74.Highlight)]</label2>
							<onclick></onclick>
						</item>
						<item>
							<label>$INFO[Window(Home).Property(Qlock.75.Background)]</label>
							<label2>$INFO[Window(Home).Property(Qlock.75.Highlight)]</label2>
							<onclick></onclick>
						</item>
						<item>
							<label>$INFO[Window(Home).Property(Qlock.76.Background)]</label>
							<label2>$INFO[Window(Home).Property(Qlock.76.Highlight)]</label2>
							<onclick></onclick>
						</item>
						<item>
							<label>$INFO[Window(Home).Property(Qlock.77.Background)]</label>
							<label2>$INFO[Window(Home).Property(Qlock.77.Highlight)]</label2>
							<onclick></onclick>
						</item>
						<item>
							<label>$INFO[Window(Home).Property(Qlock.78.Background)]</label>
							<label2>$INFO[Window(Home).Property(Qlock.78.Highlight)]</label2>
							<onclick></onclick>
						</item>
						<item>
							<label>$INFO[Window(Home).Property(Qlock.79.Background)]</label>
							<label2>$INFO[Window(Home).Property(Qlock.79.Highlight)]</label2>
							<onclick></onclick>
						</item>
						<item>
							<label>$INFO[Window(Home).Property(Qlock.80.Background)]</label>
							<label2>$INFO[Window(Home).Property(Qlock.80.Highlight)]</label2>
							<onclick></onclick>
						</item>
						<item>
							<label>$INFO[Window(Home).Property(Qlock.81.Background)]</label>
							<label2>$INFO[Window(Home).Property(Qlock.81.Highlight)]</label2>
							<onclick></onclick>
						</item>
						<item>
							<label>$INFO[Window(Home).Property(Qlock.82.Background)]</label>
							<label2>$INFO[Window(Home).Property(Qlock.82.Highlight)]</label2>
							<onclick></onclick>
						</item>
						<item>
							<label>$INFO[Window(Home).Property(Qlock.83.Background)]</label>
							<label2>$INFO[Window(Home).Property(Qlock.83.Highlight)]</label2>
							<onclick></onclick>
						</item>
						<item>
							<label>$INFO[Window(Home).Property(Qlock.84.Background)]</label>
							<label2>$INFO[Window(Home).Property(Qlock.84.Highlight)]</label2>
							<onclick></onclick>
						</item>
						<item>
							<label>$INFO[Window(Home).Property(Qlock.85.Background)]</label>
							<label2>$INFO[Window(Home).Property(Qlock.85.Highlight)]</label2>
							<onclick></onclick>
						</item>
						<item>
							<label>$INFO[Window(Home).Property(Qlock.86.Background)]</label>
							<label2>$INFO[Window(Home).Property(Qlock.86.Highlight)]</label2>
							<onclick></onclick>
						</item>
						<item>
							<label>$INFO[Window(Home).Property(Qlock.87.Background)]</label>
							<label2>$INFO[Window(Home).Property(Qlock.87.Highlight)]</label2>
							<onclick></onclick>
						</item>
						<item>
							<label>$INFO[Window(Home).Property(Qlock.88.Background)]</label>
							<label2>$INFO[Window(Home).Property(Qlock.88.Highlight)]</label2>
							<onclick></onclick>
						</item>
						<item>
							<label>$INFO[Window(Home).Property(Qlock.89.Background)]</label>
							<label2>$INFO[Window(Home).Property(Qlock.89.Highlight)]</label2>
							<onclick></onclick>
						</item>
						<item>
							<label>$INFO[Window(Home).Property(Qlock.90.Background)]</label>
							<label2>$INFO[Window(Home).Property(Qlock.90.Highlight)]</label2>
							<onclick></onclick>
						</item>
						<item>
							<label>$INFO[Window(Home).Property(Qlock.91.Background)]</label>
							<label2>$INFO[Window(Home).Property(Qlock.91.Highlight)]</label2>
							<onclick></onclick>
						</item>
						<item>
							<label>$INFO[Window(Home).Property(Qlock.92.Background)]</label>
							<label2>$INFO[Window(Home).Property(Qlock.92.Highlight)]</label2>
							<onclick></onclick>
						</item>
						<item>
							<label>$INFO[Window(Home).Property(Qlock.93.Background)]</label>
							<label2>$INFO[Window(Home).Property(Qlock.93.Highlight)]</label2>
							<onclick></onclick>
						</item>
						<item>
							<label>$INFO[Window(Home).Property(Qlock.94.Background)]</label>
							<label2>$INFO[Window(Home).Property(Qlock.94.Highlight)]</label2>
							<onclick></onclick>
						</item>
						<item>
							<label>$INFO[Window(Home).Property(Qlock.95.Background)]</label>
							<label2>$INFO[Window(Home).Property(Qlock.95.Highlight)]</label2>
							<onclick></onclick>
						</item>
						<item>
							<label>$INFO[Window(Home).Property(Qlock.96.Background)]</label>
							<label2>$INFO[Window(Home).Property(Qlock.96.Highlight)]</label2>
							<onclick></onclick>
						</item>
						<item>
							<label>$INFO[Window(Home).Property(Qlock.97.Background)]</label>
							<label2>$INFO[Window(Home).Property(Qlock.97.Highlight)]</label2>
							<onclick></onclick>
						</item>
						<item>
							<label>$INFO[Window(Home).Property(Qlock.98.Background)]</label>
							<label2>$INFO[Window(Home).Property(Qlock.98.Highlight)]</label2>
							<onclick></onclick>
						</item>
						<item>
							<label>$INFO[Window(Home).Property(Qlock.99.Background)]</label>
							<label2>$INFO[Window(Home).Property(Qlock.99.Highlight)]</label2>
							<onclick></onclick>
						</item>
						<item>
							<label>$INFO[Window(Home).Property(Qlock.100.Background)]</label>
							<label2>$INFO[Window(Home).Property(Qlock.100.Highlight)]</label2>
							<onclick></onclick>
						</item>
						<item>
							<label>$INFO[Window(Home).Property(Qlock.101.Background)]</label>
							<label2>$INFO[Window(Home).Property(Qlock.101.Highlight)]</label2>
							<onclick></onclick>
						</item>
						<item>
							<label>$INFO[Window(Home).Property(Qlock.102.Background)]</label>
							<label2>$INFO[Window(Home).Property(Qlock.102.Highlight)]</label2>
							<onclick></onclick>
						</item>
						<item>
							<label>$INFO[Window(Home).Property(Qlock.103.Background)]</label>
							<label2>$INFO[Window(Home).Property(Qlock.103.Highlight)]</label2>
							<onclick></onclick>
						</item>
						<item>
							<label>$INFO[Window(Home).Property(Qlock.104.Background)]</label>
							<label2>$INFO[Window(Home).Property(Qlock.104.Highlight)]</label2>
							<onclick></onclick>
						</item>
						<item>
							<label>$INFO[Window(Home).Property(Qlock.105.Background)]</label>
							<label2>$INFO[Window(Home).Property(Qlock.105.Highlight)]</label2>
							<onclick></onclick>
						</item>
						<item>
							<label>$INFO[Window(Home).Property(Qlock.106.Background)]</label>
							<label2>$INFO[Window(Home).Property(Qlock.106.Highlight)]</label2>
							<onclick></onclick>
						</item>
						<item>
							<label>$INFO[Window(Home).Property(Qlock.107.Background)]</label>
							<label2>$INFO[Window(Home).Property(Qlock.107.Highlight)]</label2>
							<onclick></onclick>
						</item>
						<item>
							<label>$INFO[Window(Home).Property(Qlock.108.Background)]</label>
							<label2>$INFO[Window(Home).Property(Qlock.108.Highlight)]</label2>
							<onclick></onclick>
						</item>
						<item>
							<label>$INFO[Window(Home).Property(Qlock.109.Background)]</label>
							<label2>$INFO[Window(Home).Property(Qlock.109.Highlight)]</label2>
							<onclick></onclick>
						</item>
						<item>
							<label>$INFO[Window(Home).Property(Qlock.110.Background)]</label>
							<label2>$INFO[Window(Home).Property(Qlock.110.Highlight)]</label2>
							<onclick></onclick>
						</item>
					</content>
				</control>
			</control>

			<control type="group" id="30099">
				<posx>800</posx>
				<posy>88</posy>
				<width>400</width>
				<control type="group">
					<control type="label" id="30100">
						<description>Time</description>
						<posx>0</posx>
						<posy>100</posy>
						<width>400</width>
						<height>100</height>
						<textcolor>FFFFFFFF</textcolor>
						<align>center</align>
						<aligny>center</aligny>
						<label></label>
						<font>WeatherTemp</font>
					</control>
					<control type="label" id="30101">
						<description>Column</description>
						<posx>0</posx>
						<posy>95</posy>
						<width>400</width>
						<height>100</height>
						<textcolor>FFFFFFFF</textcolor>
						<align>center</align>
						<aligny>center</aligny>
						<label>:</label>
						<font>WeatherTemp</font>
					</control>
					<control type="label" id="30102">
						<description>Weekday</description>
						<posx>0</posx>
						<posy>0</posy>
						<width>400</width>
						<align>center</align>
						<textcolor>FFFFFFFF</textcolor>
						<label></label>
						<font>font60</font>
					</control>
					<control type="label" id="30103">
						<description>Date</description>
						<posx>0</posx>
						<posy>50</posy>
						<width>400</width>
						<align>center</align>
						<textcolor>FFFFFFFF</textcolor>
						<label></label>
						<font>font60</font>
					</control>
				</control>	
				<control type="group">
					<posy>280</posy>
					<control type="image" id="30104">
						<left>100</left>
						<top>0</top>
	                    <width>200</width>
	                    <height>200</height>
	                    <aspectratio>scale</aspectratio>
	                </control>
					<control type="label">
						<description>Temp</description>
						<posx>0</posx>
						<posy>160</posy>
						<width>400</width>
						<align>center</align>
						<textcolor>FFFFFFFF</textcolor>
						<label>$INFO[Weather.Temperature]</label>
						<font>WeatherTemp</font>
					</control>
				</control>
			</control>
		</control>
	</controls>
</window>
