<?xml version="1.0" encoding="UTF-8"?>
<window id="1101" type="dialog">
    <defaultcontrol always="true">101</defaultcontrol>
    <controls>
        <include>background</include>
        <include>info_header</include>
        <control type="group">
            <include>openclose_fade_slight_left</include>
            <top>100</top>
            <bottom>100</bottom>
            <left>100</left>
            <right>100</right>
            <control type="image">
                <aspectratio>stretch</aspectratio>
                <texture colordiffuse="backgroundtransparent">colors/white.png</texture>
            </control>
            <control type="image">
                <top>210</top>
                <height>1</height>
                <aspectratio>stretch</aspectratio>
                <texture colordiffuse="border">colors/white.png</texture>
            </control>
            <control type="image">
                <visible>!Pvr.IsPlayingRecording</visible>
                <top>10</top>
                <right>20</right>
                <width>300</width>
                <height>200</height>
                <aspectratio>keep</aspectratio>
                <texture>$INFO[Player.Art(thumb)]</texture>
            </control>
            <control type="grouplist">
                <top>30</top>
                <left>30</left>
                <usecontrolcoords>true</usecontrolcoords>
                <control type="label">
                    <height>30</height>
                    <aligny>center</aligny>
                    <font>light30</font>
                    <label>$INFO[VideoPlayer.StartTime] - $INFO[VideoPlayer.EndTime] (+$INFO[PVR.EpgEventRemainingTime] min)</label>
                </control>
                <control type="label">
                    <visible>!String.IsEmpty(VideoPlayer.EpisodeName)</visible>
                    <height>80</height>
                    <right>330</right>
                    <aligny>center</aligny>
                    <scroll>true</scroll>
                    <font>light70</font>
                    <textcolor>active</textcolor>
                    <label>$INFO[VideoPlayer.Title]</label>
                </control>
                <control type="label">
                    <visible>String.IsEmpty(VideoPlayer.EpisodeName)</visible>
                    <top>20</top>
                    <height>80</height>
                    <right>330</right>
                    <aligny>center</aligny>
                    <scroll>true</scroll>
                    <font>light80</font>
                    <textcolor>active</textcolor>
                    <label>$INFO[VideoPlayer.Title]</label>
                </control>
                <control type="label">
                    <visible>!String.IsEmpty(VideoPlayer.EpisodeName)</visible>
                    <height>36</height>
                    <right>330</right>
                    <aligny>center</aligny>
                    <scroll>true</scroll>
                    <font>light44</font>
                    <label>$INFO[VideoPlayer.EpisodeName]</label>
                </control>
            </control>
            <control type="group">
                <visible>[!Pvr.IsPlayingRecording + String.IsEmpty(Pvr.EPGEventIcon)] | [Pvr.IsPlayingRecording + String.IsEmpty(Player.Art(thumb))]</visible>
                <control type="textbox" id="100">
                    <pagecontrol>100001</pagecontrol>
                    <top>230</top>
                    <height>600</height>
                    <left>30</left>
                    <width>1000</width>
                    <font>regular30</font>
                    <label>$INFO[VideoPlayer.Plot]</label>
                </control>
                <include content="scrollbar">
                    <param name="visible">[!Pvr.IsPlayingRecording + String.IsEmpty(Pvr.EPGEventIcon)] | [Pvr.IsPlayingRecording + String.IsEmpty(Player.Art(thumb))]</param>
                    <param name="top">230</param>
                    <param name="left">1050</param>
                    <param name="width">15</param>
                    <param name="height">600</param>
                    <param name="controlled_id">100</param>
                    <param name="onleft_id">101</param>
                    <param name="onright_id">101</param>
                </include>
                <include content="pvr_info_detail_list">
                    <param name="left">1100</param>
                </include>
            </control>
            <control type="group">
                <visible>!Pvr.IsPlayingRecording + !String.IsEmpty(Pvr.EPGEventIcon)</visible>
                <control type="textbox" id="100">
                    <pagecontrol>100001</pagecontrol>
                    <top>230</top>
                    <height>600</height>
                    <left>30</left>
                    <width>700</width>
                    <font>regular30</font>
                    <label>$INFO[VideoPlayer.Plot]</label>
                </control>
                <include content="scrollbar">
                    <param name="visible">!Pvr.IsPlayingRecording + !String.IsEmpty(Pvr.EPGEventIcon)</param>
                    <param name="top">230</param>
                    <param name="left">750</param>
                    <param name="width">15</param>
                    <param name="height">600</param>
                    <param name="controlled_id">100</param>
                    <param name="onleft_id">101</param>
                    <param name="onright_id">101</param>
                </include>
                <control type="image">
                    <top>230</top>
                    <right>30</right>
                    <width>600</width>
                    <height>570</height>
                    <aspectratio align="right" aligny="bottom">keep</aspectratio>
                    <texture>$INFO[Pvr.EPGEventIcon]</texture>
                </control>
                <include content="pvr_info_detail_list" />
            </control>
            <control type="group">
                <visible>Pvr.IsPlayingRecording + !String.IsEmpty(Player.Art(thumb))</visible>
                <control type="textbox" id="100">
                    <pagecontrol>100001</pagecontrol>
                    <top>230</top>
                    <height>600</height>
                    <left>30</left>
                    <width>700</width>
                    <font>regular30</font>
                    <label>$INFO[VideoPlayer.Plot]</label>
                </control>
                <include content="scrollbar">
                    <param name="visible">Pvr.IsPlayingRecording + !String.IsEmpty(Player.Art(thumb))</param>
                    <param name="top">230</param>
                    <param name="left">750</param>
                    <param name="width">15</param>
                    <param name="height">600</param>
                    <param name="controlled_id">100</param>
                    <param name="onleft_id">101</param>
                    <param name="onright_id">101</param>
                </include>
                <include content="pvr_info_detail_list" />
                <control type="image">
                    <top>230</top>
                    <right>30</right>
                    <width>600</width>
                    <height>570</height>
                    <aspectratio align="right" aligny="bottom">keep</aspectratio>
                    <texture>$INFO[Player.Art(thumb)]</texture>
                </control>
            </control>
            <control type="grouplist" id="101">
                <bottom>-40</bottom>
                <right>20</right>
                <align>right</align>
                <height>100</height>
                <orientation>horizontal</orientation>
                <itemgap>5</itemgap>
                <usecontrolcoords>true</usecontrolcoords>
                <defaultcontrol always="true">102</defaultcontrol>
                <onleft>100001</onleft>
                <onup>100001</onup>
                <include content="button_round">
                    <param name="id">102</param>
                    <param name="onclick">Back</param>
                    <param name="onclick2"></param>
                    <param name="icon">icons/buttons/close.png</param>
                    <param name="radius">100</param>
                    <param name="iconsize">60</param>
                    <param name="iconoffset">20</param>
                </include>
                <include content="button_round">
                    <param name="id">103</param>
                    <param name="visible">!PVR.IsRecordingPlayingChannel + !PVR.IsPlayingRecording</param>
                    <param name="onclick">PVR.ToggleRecordPlayingChannel</param>
                    <param name="icon">icons/buttons/record.png</param>
                    <param name="radius">100</param>
                    <param name="iconsize">60</param>
                    <param name="iconoffset">20</param>
                </include>
                <include content="button_round">
                    <param name="id">104</param>
                    <param name="visible">PVR.IsRecordingPlayingChannel + !PVR.IsPlayingRecording</param>
                    <param name="onclick">PVR.ToggleRecordPlayingChannel</param>
                    <param name="icon">icons/pvr/pvr-isrecording.png</param>
                    <param name="radius">100</param>
                    <param name="iconsize">60</param>
                    <param name="iconoffset">20</param>
                </include>
                <include content="button_round">
                    <param name="id">105</param>
                    <param name="visible">String.IsEqual(PVR.EpgEventDuration(hh),00)</param>
                    <param name="visible2">System.HasAddon(script.extendedinfo)</param>
                    <param name="onclick" value="Action(close)" />
                    <param name="onclick2" value="SetProperty(custombusy,true,home)" />
                    <param name="onclick3" value="SetProperty(custombusyreason,tmdbtvshow,home)" />
                    <param name="onclick4" value="SetProperty(custombusylabel,$INFO[VideoPlayer.Title],home)" />
                    <param name="onclick5" value="RunScript(script.extendedinfo,info=extendedtvinfo,name=$INFO[VideoPlayer.Title])" />
                    <param name="icon">icons/buttons/tmdb.png</param>
                    <param name="radius">100</param>
                    <param name="iconsize">70</param>
                    <param name="iconoffset">15</param>
                </include>
                <include content="button_round">
                    <param name="id">106</param>
                    <param name="visible">!String.IsEqual(PVR.EpgEventDuration(hh),00)</param>
                    <param name="visible2">System.HasAddon(script.extendedinfo)</param>
                    <param name="onclick" value="Action(close)" />
                    <param name="onclick2" value="SetProperty(custombusy,true,home)" />
                    <param name="onclick3" value="SetProperty(custombusyreason,tmdbmovie,home)" />
                    <param name="onclick4" value="SetProperty(custombusylabel,$INFO[VideoPlayer.Title],home)" />
                    <param name="onclick5" value="RunScript(script.extendedinfo,info=extendedinfo,name=$INFO[VideoPlayer.Title])" />
                    <param name="icon">icons/buttons/tmdb.png</param>
                    <param name="radius">100</param>
                    <param name="iconsize">70</param>
                    <param name="iconoffset">15</param>
                </include>
                <include content="button_round">
                    <param name="visible">System.HasAddon(plugin.video.youtube) + System.HasAddon(script.extendedinfo)</param>
                    <param name="id">107</param>
                    <param name="onclick" value="Back" />
                    <param name="onclick2" value="SetProperty(custombusy,true,home)" />
                    <param name="onclick3" value="SetProperty(custombusyreason,youtube,home)" />
                    <param name="onclick4" value="SetProperty(custombusylabel,$INFO[VideoPlayer.Title],home)" />
                    <param name="onclick5" value="RunScript(script.extendedinfo,info=youtubebrowser,id=$INFO[VideoPlayer.Title])" />
                    <param name="icon">icons/buttons/youtube.png</param>
                    <param name="radius">100</param>
                    <param name="iconsize">70</param>
                    <param name="iconoffset">15</param>
                </include>
            </control>
        </control>
        <control type="label">
            <include>openclose_fade_slight_left</include>
            <visible>ControlGroup(101).HasFocus(0)</visible>
            <top>1020</top>
            <left>0</left>
            <width>500</width>
            <height>30</height>
            <align>center</align>
            <aligny>center</aligny>
            <textcolor>active</textcolor>
            <shadowcolor>black</shadowcolor>
            <font>regular24</font>
            <label>$VAR[PVRInfoHelpText]</label>
            <include>positioning_pvrinfo_buttons</include>
        </control>
    </controls>
</window>