<?xml version="1.0" encoding="UTF-8"?>
<window>
    <defaultcontrol>9001</defaultcontrol>
    <include>dialogpopup_openclose</include>
    <controls>
        <control type="group">
            <centertop>50%</centertop>
            <centerleft>50%</centerleft>
            <width>960</width>
            <height>500</height>
            <include>background_dialog</include>
            <include>dialog_smartplayllistrule_decoration</include>
            <control type="label">
                <left>10</left>
                <right>10</right>
                <include>headerlabel_dialog</include>
                <label>$LOCALIZE[21421]</label>
            </control>
            <control type="label">
                <left>40</left>
                <top>110</top>
                <width>720</width>
                <height>30</height>
                <textcolor>active</textcolor>
                <label>$LOCALIZE[31081]:</label>
            </control>
            <control type="grouplist" id="9001">
                <left>30</left>
                <top>150</top>
                <orientation>vertical</orientation>
                <onup>9000</onup>
                <ondown>9000</ondown>
                <control type="button" id="15">
                    <description>Rule Field</description>
                    <include content="button_settings">
                        <param name="textoffsetx">20</param>
                    </include>
                    <width>900</width>
                </control>
                <control type="button" id="16">
                    <description>Rule operator</description>
                    <width>900</width>
                    <include content="button_settings">
                        <param name="textoffsetx">20</param>
                    </include>
                </control>
                <control type="grouplist" id="9002">
                    <left>30</left>
                    <top>200</top>
                    <orientation>horizontal</orientation>
                    <control type="edit" id="17">
                        <description>Value Button</description>
                        <width>580</width>
                        <include content="button_settings">
                            <param name="textoffsetx">20</param>
                        </include>
                        <hinttext>$LOCALIZE[31080]</hinttext>
                    </control>
                    <control type="button" id="20">
                        <description>Browse Button</description>
                        <width>315</width>
                        <include content="button_settings">
                            <param name="textoffsetx">20</param>
                        </include>
                        <align>center</align>
                        <label>$LOCALIZE[1024]</label>
                    </control>
                </control>
            </control>
            <control type="grouplist" id="9000">
                <orientation>horizontal</orientation>
                <left>0</left>
                <top>430</top>
                <width>960</width>
                <align>center</align>
                <onup>9002</onup>
                <ondown>15</ondown>
                <itemgap>10</itemgap>
                <include content="dialog_button">
                    <param name="id" value="18" />
                    <param name="label" value="$LOCALIZE[186]" />
                </include>
                <include content="dialog_button">
                    <param name="id" value="19" />
                    <param name="label" value="$LOCALIZE[222]" />
                </include>
            </control>
        </control>
    </controls>
</window>