<?xml version="1.0" encoding="UTF-8"?>
<window>
    <defaultcontrol always="true">50</defaultcontrol>
    <backgroundcolor>black</backgroundcolor>
    <onload condition="Skin.HasSetting(use_broadcast_list)">SetProperty(channel_change,true)</onload>
    <onload condition="Skin.HasSetting(use_broadcast_list)">RunScript(script.unfussy.helper,action=loadchannelids)</onload>
    <onunload condition="VideoPlayer.Content(livetv)">SetProperty(closeonload,true,home)</onunload>
    <views>50,51</views>
    <menucontrol>9000</menucontrol>
    <backgroundcolor>0</backgroundcolor>
    <controls>
        <include>background</include>
        <include content="info_header">
            <param name="title" value="$VAR[BreadcrumbsPVRChannels]" />
            <param name="showicon" value="true" />
            <param name="icon" value="icons/mainmenu/$VAR[BreadcrumbsPVRIcon].png" />
        </include>
        <control type="group">
            <include>openclose_fade_slight_left</include>
            <include>pvr_channellist_view50</include>
            <include condition="!Skin.HasSetting(use_broadcast_list)">pvr_channellist_view51</include>
        </control>
        <include>media_menu</include>
        <control type="label" id="29">
            <description>active ChannelGroup</description>
            <visible>false</visible>
        </control>
    </controls>
</window>